revenue,retention30,retained_users
313428.7387939738,0.1559,1559
281453.7798034908,0.1448,1448
363659.5272974386,0.1559,1559
277238.69058225956,0.1552,1552
411123.1834126578,0.1272,1272
264325.202303366,0.1504,1504
381366.88144821825,0.1126,1126
243544.59589920111,0.1495,1495
212580.92489353122,0.1668,1668
203127.48770711364,0.1478,1478
420214.3148307027,0.1324,1324
183582.70913970558,0.1073,1073
393396.8086249024,0.1688,1688
320913.43640488153,0.1412,1412
175102.0608109639,0.127,1270
211949.59973481964,0.1199,1199
166365.18604356094,0.1701,1701
230663.9406780851,0.158,1580
175407.94863995578,0.1559,1559
237467.90426424248,0.1157,1157
181991.0624996988,0.1465,1465
251962.05705715684,0.1295,1295
449097.6233860921,0.1272,1272
308708.4108523294,0.1463,1463
246858.8218415782,0.1438,1438
251701.04527836293,0.163,1630
484378.240205604,0.1195,1195
311928.0723214263,0.1248,1248
207486.3460234711,0.1498,1498
225100.17524598163,0.1323,1323
176221.33959013905,0.1284,1284
390323.16884742834,0.1296,1296
385880.4553077055,0.1623,1623
276754.71829510067,0.104,1040
397123.2504587825,0.1215,1215
218900.08051586387,0.1339,1339
367879.84601009905,0.1472,1472
191491.99366080307,0.1427,1427
374265.0172895264,0.1386,1386
237757.87847640744,0.1705,1705
481729.87642698654,0.1556,1556
302777.20234870823,0.1438,1438
333769.30422626744,0.1833,1833
459979.06759597367,0.0928,928
128772.86611676402,0.1441,1441
273645.44313231716,0.1446,1446
208414.10119866527,0.1334,1334
256731.0919771913,0.1767,1767
318935.92505662085,0.1491,1491
158544.11450203735,0.1341,1341
224788.93304538453,0.1426,1426
334404.90818550886,0.1344,1344
318991.04747127264,0.1194,1194
177700.02543466876,0.1378,1378
295931.12001866254,0.1457,1457
391735.14086521184,0.1521,1521
383732.13263044617,0.1286,1286
171351.55916451634,0.1615,1615
161482.9838573062,0.1145,1145
196632.66157032305,0.1478,1478
301783.7342456131,0.1476,1476
288222.7110063658,0.1341,1341
244444.71250541977,0.1516,1516
414156.87503963034,0.1129,1129
338220.2265451274,0.1437,1437
152962.13157592012,0.1228,1228
179348.54500096204,0.1413,1413
150894.00827341143,0.1471,1471
299675.02014836814,0.1199,1199
366275.49108545,0.1339,1339
199652.17212335812,0.1604,1604
302726.1527500367,0.1267,1267
280294.57263278606,0.1415,1415
331972.079470852,0.1339,1339
251747.5599421688,0.0936,936
212410.85619868315,0.1243,1243
145585.9957279352,0.1388,1388
413590.18419395597,0.1424,1424
340996.19665619166,0.1511,1511
299826.3860828865,0.1178,1178
209178.0178635493,0.1028,1028
436767.2887558073,0.1582,1582
137350.19233778806,0.1439,1439
211609.67690343366,0.1101,1101
219533.82269111558,0.1374,1374
246506.63365998637,0.1481,1481
350728.4556350554,0.1703,1703
229155.05251018627,0.1196,1196
438326.1071020061,0.1751,1751
352351.4026156819,0.1234,1234
293982.6524138645,0.1328,1328
301929.5424376411,0.1256,1256
245636.9574367478,0.1408,1408
290895.50825818244,0.1519,1519
191127.33317408475,0.1379,1379
293555.63436481514,0.1696,1696
198973.76560879842,0.1403,1403
195683.62119357157,0.1288,1288
286758.42044049513,0.1395,1395
316548.4012227799,0.15,1500
200198.83173143258,0.1463,1463
259303.54445477162,0.124,1240
278975.8791038788,0.1278,1278
352377.3715313218,0.1299,1299
223439.39981205796,0.1587,1587
341246.04338991933,0.1259,1259
182099.66070026087,0.1192,1192
435285.456206067,0.1366,1366
246189.79844690204,0.1388,1388
382177.68747715827,0.1315,1315
243276.5394295626,0.1332,1332
473866.0138884223,0.1562,1562
275730.1105288912,0.1542,1542
361102.98812328215,0.1226,1226
257752.96272975596,0.1477,1477
320372.54407444876,0.1075,1075
273179.9982989787,0.1636,1636
372097.2655894227,0.108,1080
442135.555146893,0.1352,1352
190108.22336585668,0.1273,1273
211746.07228149284,0.1427,1427
290226.41403817956,0.1693,1693
240755.97913401067,0.1606,1606
180755.19476534848,0.1165,1165
166909.07748604272,0.141,1410
242511.96262131011,0.1389,1389
178284.59029859593,0.1228,1228
264356.0035901431,0.1534,1534
235761.17888591505,0.1325,1325
212680.84689261892,0.1577,1577
324608.13072767144,0.1408,1408
246772.0722577172,0.1647,1647
309721.109374221,0.152,1520
277645.32484740735,0.1467,1467
287504.13972852594,0.1442,1442
278284.95489802456,0.1324,1324
260564.37537834325,0.1261,1261
228116.30029668394,0.1328,1328
309604.3069562835,0.1072,1072
385970.3890751747,0.1491,1491
316471.4232866819,0.1356,1356
281012.9669286405,0.1358,1358
324954.3871059666,0.1517,1517
305059.27354721824,0.1398,1398
198157.04556908968,0.1253,1253
267561.06408391596,0.1453,1453
272826.3840923377,0.1102,1102
287245.74799715506,0.1508,1508
261416.77954190178,0.1266,1266
286824.195129941,0.1275,1275
236546.85190717975,0.1516,1516
470758.43865620665,0.1589,1589
329009.42228719447,0.132,1320
335597.924906699,0.1439,1439
412208.1080178886,0.1408,1408
240698.00189228824,0.1286,1286
315419.4474549476,0.1152,1152
302666.439150824,0.135,1350
243487.35565831503,0.1564,1564
407985.0680573014,0.1592,1592
357433.1167867384,0.1362,1362
309160.06817926234,0.1235,1235
313257.65232911176,0.1795,1795
233468.61861443214,0.145,1450
273341.60448106617,0.1263,1263
160167.11353319316,0.1309,1309
309118.29348933516,0.1256,1256
185061.06520959391,0.1331,1331
222261.48051780072,0.134,1340
435887.6067412586,0.1332,1332
310784.1936681204,0.1708,1708
280081.9263592419,0.1548,1548
363943.89373889746,0.1345,1345
173303.8606614875,0.152,1520
325061.4231888468,0.1706,1706
351342.266661148,0.1549,1549
336299.24834183726,0.1601,1601
207695.79379893717,0.1784,1784
468107.7397763522,0.1491,1491
446092.6065942616,0.1498,1498
432747.5287114382,0.1439,1439
236239.49349716966,0.1489,1489
253026.679813286,0.1313,1313
265320.526722512,0.1531,1531
338016.4741454168,0.1088,1088
281222.47291830566,0.1499,1499
421676.5897897168,0.105,1050
263820.43076538754,0.1554,1554
194421.06107975787,0.1495,1495
278925.14627455664,0.1357,1357
218703.22349442373,0.1205,1205
228035.98904129709,0.1665,1665
320365.94649964035,0.1088,1088
324066.873975952,0.1343,1343
366010.23009106657,0.1272,1272
438571.6278233918,0.1602,1602
258499.81936835125,0.1646,1646
209391.31564857994,0.1407,1407
192194.51218090553,0.1251,1251
290917.0341707238,0.132,1320
329923.6288052663,0.1384,1384
236548.2496678596,0.0973,973
182658.0589822361,0.1197,1197
211326.36350487382,0.117,1170
124541.5708182807,0.1103,1103
184819.51578070928,0.1377,1377
384060.1333198156,0.1428,1428
375892.2023203546,0.1436,1436
334863.8573084338,0.1161,1161
139804.92593630485,0.1446,1446
192233.90462724885,0.116,1160
321203.51143802115,0.1296,1296
144776.24217799492,0.1528,1528
296324.9595958906,0.137,1370
219944.2999193036,0.1316,1316
310281.8799313066,0.1518,1518
198314.47440685297,0.1062,1062
291687.26989070245,0.1218,1218
208702.84965121484,0.1145,1145
279661.78787431656,0.1583,1583
265086.31336334546,0.1457,1457
328141.6675971765,0.1528,1528
275521.49949991907,0.1565,1565
359848.6771657891,0.1606,1606
275480.75978981913,0.1265,1265
357079.57735702366,0.1494,1494
216734.47669413703,0.131,1310
316664.80193056335,0.1481,1481
396752.5760370354,0.1513,1513
183460.98753889586,0.1477,1477
383980.0081227555,0.1377,1377
202037.94724533285,0.1596,1596
227120.28192619813,0.1402,1402
311046.2627302415,0.1416,1416
270035.5089661043,0.1413,1413
323790.9436240999,0.1512,1512
402838.0908818651,0.1422,1422
412307.9060792719,0.1358,1358
317543.6517655497,0.1215,1215
159832.5976158466,0.1419,1419
238701.17784935562,0.1522,1522
315787.05475445476,0.1256,1256
270699.94336825673,0.1257,1257
234313.7827818553,0.1318,1318
176665.65885250262,0.1395,1395
385384.5270879756,0.1548,1548
272089.70388865133,0.1213,1213
194500.34524842817,0.1295,1295
318883.3316785979,0.1259,1259
165685.0909622781,0.1256,1256
198651.0389845953,0.1257,1257
297160.54233301297,0.1467,1467
340257.41860171943,0.1242,1242
386827.371482957,0.1444,1444
260941.66057585966,0.1311,1311
241367.5087305016,0.1499,1499
352846.5169907126,0.1193,1193
282012.90046161384,0.1196,1196
297967.9152924459,0.1213,1213
209680.76467713213,0.1329,1329
289029.0976910046,0.1435,1435
203904.028007076,0.1335,1335
272637.28825939394,0.1563,1563
234242.6698766731,0.1558,1558
200517.1373049658,0.1434,1434
305223.91432026017,0.1471,1471
311903.33622296026,0.1371,1371
324322.8490138293,0.1388,1388
312434.60986208153,0.1263,1263
261737.77482945094,0.1601,1601
238526.70635926095,0.1521,1521
306751.8643694168,0.1282,1282
303257.75530619756,0.1513,1513
211049.62410533603,0.1118,1118
317993.1001596674,0.1655,1655
243418.16284317794,0.1513,1513
301714.1226441922,0.1038,1038
216682.51824855054,0.1259,1259
364387.4711401334,0.1485,1485
136246.36004210182,0.1473,1473
181853.8985831734,0.1379,1379
280293.68207633833,0.1539,1539
357824.22613208473,0.1284,1284
244143.79722385926,0.1421,1421
318932.8814337896,0.138,1380
258851.41469109364,0.1486,1486
369192.5978963264,0.1439,1439
207201.1603151626,0.1599,1599
235198.80769934028,0.172,1720
264367.0310077382,0.1491,1491
193514.69894294132,0.1136,1136
315498.1672633286,0.1474,1474
292659.0453952655,0.1432,1432
262675.87058222305,0.1485,1485
225325.9546766165,0.1358,1358
258643.70462184685,0.1696,1696
274508.0556212033,0.1494,1494
457835.4514305726,0.1364,1364
474022.33441395423,0.1544,1544
228223.3502421663,0.146,1460
257371.56821577763,0.1145,1145
306830.7262594967,0.1328,1328
238945.67031197503,0.1258,1258
427895.22879032884,0.1061,1061
321882.01021189935,0.1552,1552
445562.84706088854,0.1204,1204
207291.13815922855,0.1545,1545
188383.15383628686,0.1524,1524
288567.80597422866,0.155,1550
205265.6103774769,0.1546,1546
329565.0522445175,0.1021,1021
298322.8089916939,0.1639,1639
211857.59722804106,0.1595,1595
233907.0374298187,0.1349,1349
291842.29437690374,0.1357,1357
176076.28815363336,0.147,1470
250445.7150974291,0.1549,1549
291503.8160006291,0.0989,989
254583.55655135246,0.1102,1102
260042.84958098285,0.1605,1605
268614.1969465174,0.1395,1395
395858.4813937711,0.1702,1702
240883.74796155572,0.1162,1162
195874.2212822379,0.1422,1422
346414.81119581213,0.1077,1077
323865.74508796725,0.1228,1228
387510.6588740715,0.1584,1584
386285.198802593,0.1184,1184
285382.55192328105,0.1423,1423
154461.3558050497,0.1207,1207
301582.25717381603,0.1463,1463
331747.2002600558,0.1652,1652
242439.9791729878,0.1071,1071
199165.18896530088,0.1361,1361
201681.82961211473,0.1676,1676
236558.72868183954,0.1335,1335
278647.7464412318,0.1219,1219
344355.3533689513,0.1385,1385
382260.47886239825,0.1455,1455
414059.76495476917,0.149,1490
365987.6577107867,0.1246,1246
241801.59147732978,0.147,1470
424104.22296538507,0.0983,983
264919.9424786482,0.1626,1626
278408.51109818753,0.1417,1417
420587.7007231054,0.1246,1246
275493.8050769108,0.1179,1179
159461.94038501766,0.1183,1183
448920.88737821917,0.1321,1321
310080.5489859469,0.1299,1299
313908.4216475689,0.1346,1346
192946.74160421,0.1174,1174
245654.3647905429,0.1305,1305
299991.3139089456,0.1597,1597
238698.46947873078,0.1554,1554
350403.7983508252,0.1332,1332
303830.15790934855,0.1366,1366
251782.67032192645,0.1443,1443
301188.2422691261,0.148,1480
364560.5418309192,0.1474,1474
309911.4152868348,0.1517,1517
301243.2978067602,0.1546,1546
200359.636495063,0.1226,1226
266259.6364959521,0.147,1470
292937.68386934535,0.1379,1379
307887.00906871364,0.1405,1405
341819.41761371674,0.1331,1331
234678.60402583855,0.12,1200
224184.12137651234,0.132,1320
255432.72284574894,0.1215,1215
398990.75934026454,0.1383,1383
229221.98801506372,0.1431,1431
318888.21721271455,0.1454,1454
322166.52651664487,0.0994,994
234187.56266646084,0.1072,1072
204484.32519579036,0.142,1420
241630.59111417978,0.1548,1548
244434.7197879379,0.1286,1286
294855.6778507184,0.1469,1469
248435.95873915378,0.1156,1156
313084.91032388073,0.1509,1509
274261.4900410729,0.1422,1422
175577.1009917752,0.1575,1575
177156.0626119343,0.1568,1568
189428.69931986314,0.145,1450
308311.1303950217,0.124,1240
253585.33183550255,0.1165,1165
377443.1073459346,0.1314,1314
356151.77930522687,0.145,1450
313107.87269879854,0.1227,1227
267287.5965766545,0.1081,1081
261334.68914414765,0.1608,1608
440040.73095006077,0.1423,1423
236763.10670510345,0.1501,1501
227428.40878665808,0.1394,1394
315550.64997130196,0.1447,1447
284967.79783371993,0.139,1390
340122.5885054262,0.1562,1562
241645.0312067775,0.1378,1378
350763.66994192766,0.1412,1412
305376.00017789245,0.141,1410
271285.47496380494,0.1355,1355
365730.23344447376,0.1416,1416
391536.8256277978,0.1434,1434
229255.8274152685,0.1431,1431
267294.37167161715,0.1314,1314
378956.0353107955,0.1448,1448
277257.6904924608,0.1499,1499
340887.4232531809,0.125,1250
182088.56984962738,0.1504,1504
266676.5701239363,0.129,1290
305074.4612684973,0.1457,1457
409179.26640263095,0.1237,1237
273365.1375336175,0.1111,1111
318399.8781202593,0.1222,1222
378063.31778999075,0.1298,1298
422500.2672852616,0.1625,1625
273832.410653742,0.0919,919
291250.34552126605,0.1737,1737
359235.8622884579,0.1253,1253
224726.65480732988,0.1315,1315
249576.92228977344,0.105,1050
279765.82375500933,0.1598,1598
307613.59158196155,0.1428,1428
336772.805875831,0.1412,1412
256216.00529502588,0.1624,1624
193551.04448733322,0.1337,1337
293163.5933199033,0.123,1230
430152.752357137,0.1471,1471
259971.7566754602,0.0949,949
195363.62375270927,0.1568,1568
151937.2453116953,0.1285,1285
207919.69557394605,0.1556,1556
221962.17833039898,0.1493,1493
192603.98335404132,0.1339,1339
251082.15077753816,0.1543,1543
265523.9862687022,0.1725,1725
308629.8025980489,0.1421,1421
237653.547436012,0.1409,1409
232043.32086255992,0.1307,1307
275970.2341347618,0.1347,1347
416303.2782963231,0.1289,1289
286781.3444490307,0.1447,1447
237036.56200051407,0.1662,1662
319637.29852709314,0.1256,1256
205222.96046922295,0.1335,1335
165968.7227735419,0.1261,1261
252168.24356389453,0.1237,1237
303249.8705897666,0.1309,1309
347508.5390406305,0.1439,1439
380815.21513359784,0.152,1520
230714.8665212762,0.1346,1346
196514.45740829344,0.1419,1419
362017.6616242089,0.1305,1305
271324.6790715857,0.1396,1396
273308.34272659954,0.1397,1397
236209.0845766301,0.1641,1641
377186.39704568055,0.1605,1605
252694.2834434146,0.1137,1137
226014.1222129834,0.135,1350
293735.35275856557,0.1564,1564
468454.0617390135,0.1395,1395
257110.44756421333,0.1336,1336
279789.79405309394,0.1626,1626
238814.41100459144,0.1355,1355
218419.3985097946,0.1315,1315
396400.65311801364,0.182,1820
223404.63625661243,0.1212,1212
276037.05071745935,0.1443,1443
449644.0542834918,0.1094,1094
255304.4730752782,0.1553,1553
231314.87136560533,0.1492,1492
312757.02629500744,0.1301,1301
271211.72291433404,0.1469,1469
216708.08527468154,0.1082,1082
345399.04804983415,0.1103,1103
240114.7595747944,0.152,1520
263942.30745463993,0.1409,1409
387185.38335922034,0.1645,1645
347918.89936765336,0.1664,1664
210092.2095947414,0.138,1380
385618.45594007534,0.1469,1469
231008.38825227437,0.1512,1512
211831.26247058265,0.1317,1317
200515.8556156784,0.1419,1419
368052.464007716,0.1376,1376
238380.09396127955,0.1276,1276
241136.03316396667,0.1485,1485
187101.70623541193,0.1686,1686
336415.37399333407,0.1477,1477
268854.68696655537,0.1793,1793
246848.39469761,0.1247,1247
281618.499290727,0.1117,1117
263259.77506430814,0.1384,1384
129536.03642217247,0.1539,1539
409638.5430277737,0.1391,1391
273552.4002480759,0.181,1810
452736.0491912202,0.1264,1264
254076.34272883047,0.1336,1336
265448.28206298954,0.1291,1291
293429.4239441002,0.1219,1219
258479.0072116488,0.137,1370
291197.96978977806,0.159,1590
339801.95279775985,0.1394,1394
298736.5089409155,0.1472,1472
169348.41320695763,0.1134,1134
274657.251184853,0.1571,1571
212850.86248926187,0.1697,1697
327558.9437979542,0.1511,1511
194175.98670342815,0.1601,1601
301184.0144959577,0.1267,1267
291648.9114066276,0.1398,1398
265400.67660755804,0.1328,1328
273474.18681121425,0.1534,1534
270025.9717743073,0.1262,1262
391674.7615580487,0.1666,1666
209838.1706326959,0.1568,1568
248057.3671104329,0.1387,1387
239511.25505778275,0.1485,1485
312481.4346884896,0.1521,1521
236699.03245882384,0.1477,1477
352742.6227080913,0.1091,1091
300045.99832972797,0.1404,1404
269550.7041132057,0.1627,1627
298813.320143513,0.1394,1394
237738.0260185565,0.1274,1274
200861.27468818662,0.1548,1548
460175.13791781745,0.1315,1315
381866.9083535387,0.1243,1243
208866.06758556885,0.1257,1257
135032.88899380778,0.1518,1518
291254.72226344515,0.1395,1395
203233.25519603095,0.1414,1414
375691.3831675417,0.1484,1484
262041.52218112737,0.1184,1184
353600.23834448826,0.1332,1332
178105.72459250301,0.1313,1313
151455.0820943523,0.136,1360
168891.66847251766,0.1529,1529
286939.4893540617,0.1335,1335
220031.0278641388,0.1363,1363
277469.6999117868,0.1471,1471
360135.8461895123,0.1375,1375
245144.527789946,0.1176,1176
249669.91978337007,0.1121,1121
273148.4226355601,0.1074,1074
268520.03477300843,0.124,1240
171500.44782021033,0.1202,1202
355451.59108796896,0.1157,1157
211801.39224658196,0.1425,1425
162273.19904536096,0.1423,1423
270517.58618491096,0.1748,1748
185209.7439109421,0.1234,1234
175676.35622607265,0.1589,1589
433686.4043834897,0.1391,1391
199925.18612384217,0.1405,1405
244766.0082507736,0.1339,1339
169399.485300621,0.1573,1573
300671.7147501936,0.1287,1287
245675.67584561429,0.1718,1718
175868.80228575238,0.1491,1491
246244.3953561524,0.1398,1398
328577.3399585843,0.1521,1521
167375.80550591007,0.108,1080
253249.93324381896,0.1273,1273
197861.88359200078,0.1473,1473
235682.00820043724,0.1304,1304
245656.97764515918,0.1619,1619
244182.09055069953,0.1507,1507
214167.2961100741,0.1321,1321
498951.6475771362,0.1414,1414
225890.8941049141,0.1695,1695
221272.756693969,0.1542,1542
318801.63672213093,0.1491,1491
273481.1098924549,0.1485,1485
342852.4179775465,0.1321,1321
194943.04857252535,0.1447,1447
319462.8980489658,0.122,1220
307423.59969408147,0.1449,1449
440108.2113698801,0.1415,1415
396377.69779252715,0.1487,1487
307558.4718115125,0.1357,1357
267273.0154618697,0.11,1100
443746.99576644105,0.1621,1621
242594.46699329256,0.1664,1664
273717.8763249125,0.1345,1345
188425.4742849528,0.1058,1058
218123.3270373195,0.1386,1386
375925.4653565535,0.1542,1542
265375.7048679013,0.1318,1318
206722.40347583595,0.1321,1321
217745.20362998242,0.125,1250
358612.68582465325,0.1232,1232
263252.118405422,0.1485,1485
310271.62847926724,0.1468,1468
183033.20123832475,0.141,1410
233491.36256251516,0.1511,1511
379808.60995100735,0.1175,1175
214590.77632166108,0.1253,1253
263723.61893742054,0.1271,1271
218226.30503929587,0.1395,1395
206317.95364830017,0.1343,1343
220118.54218900454,0.1249,1249
180257.7085605664,0.1487,1487
230482.2295736784,0.1237,1237
191404.70268553862,0.1573,1573
242764.92633560926,0.1809,1809
269679.78551637835,0.1227,1227
291337.0479016431,0.146,1460
143159.32573586123,0.1284,1284
229396.30856371473,0.1502,1502
275377.8038771856,0.1383,1383
323099.0316964449,0.1454,1454
222791.6880018437,0.155,1550
287179.6332791531,0.1176,1176
239522.76590298882,0.1514,1514
156542.55732406542,0.1359,1359
195120.9582152854,0.1452,1452
340791.288929156,0.1717,1717
307302.41429754527,0.154,1540
217488.16857016264,0.129,1290
255590.0533319428,0.1356,1356
404504.422002398,0.1398,1398
320311.1200230751,0.1187,1187
273506.7988792021,0.14,1400
207942.51322250642,0.1454,1454
401304.99642566004,0.1275,1275
316682.42067299725,0.1245,1245
229605.99598127807,0.1375,1375
282173.8176674321,0.1255,1255
258357.5694794287,0.164,1640
370327.0607273172,0.137,1370
305010.1771837707,0.1132,1132
269690.57927387964,0.1328,1328
356360.24667538964,0.1278,1278
249024.53301085104,0.1577,1577
137404.6272685705,0.1167,1167
153436.306569604,0.1166,1166
392279.64597653033,0.1498,1498
260096.3164579364,0.1565,1565
229997.06666778008,0.1238,1238
275020.4184396991,0.1259,1259
193824.9468143263,0.1443,1443
259306.2287191616,0.1514,1514
181573.49606292773,0.1175,1175
178838.52441458005,0.1303,1303
266710.4648497077,0.1048,1048
167281.74717611016,0.1274,1274
179274.0759084993,0.1423,1423
193440.4178505843,0.1424,1424
218791.76323357123,0.1353,1353
305268.5890561414,0.1103,1103
214274.7436562886,0.1335,1335
257673.9059912394,0.1377,1377
192861.35854307955,0.1339,1339
359660.39374058554,0.1349,1349
173177.19666975547,0.1271,1271
412252.4155398354,0.1583,1583
198935.85998353446,0.1409,1409
262665.9572725185,0.139,1390
392634.5307738155,0.1506,1506
165901.42504845758,0.141,1410
261434.13029098898,0.139,1390
236748.27427725148,0.1233,1233
248398.69081878892,0.1405,1405
272515.0670686911,0.1153,1153
324533.8982428775,0.1382,1382
200731.87294117763,0.126,1260
251544.55535534586,0.1318,1318
373905.43958455115,0.1751,1751
297823.3613594038,0.1126,1126
338073.39001739403,0.1615,1615
213091.46903822338,0.1517,1517
167293.70347742262,0.1335,1335
250377.77647906574,0.1608,1608
262883.8345507735,0.1469,1469
215510.7692167636,0.1573,1573
168585.05505358477,0.1344,1344
249803.78016017462,0.1144,1144
165182.15446171997,0.1281,1281
378524.2748466383,0.1447,1447
192763.43487593372,0.1504,1504
218907.58315008425,0.1394,1394
247109.0991730053,0.0923,923
211336.42535803287,0.1381,1381
353683.4576731894,0.135,1350
128025.70486545187,0.134,1340
259780.0563776185,0.1379,1379
177966.07773926517,0.1622,1622
237155.07490077458,0.1351,1351
250884.25840246788,0.1169,1169
307712.2042718205,0.1131,1131
171767.90422903255,0.1548,1548
305832.13459766307,0.1599,1599
315538.7540176069,0.1312,1312
273072.23112469283,0.1315,1315
326513.8297950487,0.1383,1383
407271.55504922627,0.0919,919
234834.33041232853,0.1351,1351
268506.099600576,0.1588,1588
303757.4689173549,0.1236,1236
329622.76056238596,0.1175,1175
252195.21797497338,0.1308,1308
352939.2348595478,0.142,1420
253123.8860553601,0.1371,1371
345695.1991208189,0.1375,1375
161948.09875505386,0.1664,1664
391374.7196402407,0.1439,1439
236406.17354693206,0.1652,1652
311427.8269966588,0.117,1170
219935.0536670395,0.112,1120
270171.59738304705,0.1084,1084
337119.58629807597,0.1236,1236
276870.24730026943,0.1205,1205
340780.0568361263,0.1321,1321
296237.5262169639,0.1651,1651
321040.9387386501,0.1498,1498
264870.43827206566,0.1553,1553
256172.30794152414,0.1371,1371
401454.8720349424,0.1506,1506
256271.4840832784,0.1456,1456
319083.82746260654,0.1586,1586
203452.44328498308,0.1183,1183
197431.99704888923,0.1341,1341
361627.8678485772,0.1575,1575
289921.9081114523,0.1505,1505
359966.0925367747,0.136,1360
201037.38420895103,0.1546,1546
172135.44206730515,0.1342,1342
483300.65525806346,0.1297,1297
222032.2350476102,0.1854,1854
425874.27026542136,0.1602,1602
261466.35175567245,0.1331,1331
287188.7796090458,0.1233,1233
161314.5895353839,0.1285,1285
178754.68997181638,0.1692,1692
198365.6884724359,0.1193,1193
263928.9628148207,0.1487,1487
277364.6979960611,0.1152,1152
297879.77935143985,0.1535,1535
468163.6882075286,0.0923,923
214166.60481029455,0.133,1330
239602.0713517989,0.0977,977
270240.2492767476,0.129,1290
237176.0779971548,0.1522,1522
310011.6193902941,0.1365,1365
299559.63583745004,0.1271,1271
307761.9847032467,0.1126,1126
289674.31111594033,0.1627,1627
162892.1756350242,0.1032,1032
237472.33387619132,0.1225,1225
250074.10441042614,0.1102,1102
283189.50813187717,0.1346,1346
292180.86179493676,0.1303,1303
336783.38761955494,0.1047,1047
225277.2365578734,0.1389,1389
268840.708286722,0.1182,1182
248702.65046091628,0.1198,1198
482546.5682866781,0.1386,1386
227359.8285083608,0.1314,1314
226465.6596150835,0.1178,1178
414719.5066176047,0.1276,1276
253738.10079436543,0.1618,1618
204967.6802186278,0.1293,1293
379758.75978716166,0.1429,1429
310684.6236928644,0.1226,1226
317814.60377207986,0.1596,1596
221680.99429851264,0.1588,1588
248794.80948362604,0.1444,1444
250642.1980586368,0.1351,1351
197680.611765392,0.128,1280
179557.42321186743,0.102,1020
248366.1021998111,0.1467,1467
264736.25468227995,0.1449,1449
321782.09311226866,0.1473,1473
200279.59301733196,0.1286,1286
334808.79508788284,0.1237,1237
301165.53730220004,0.1255,1255
218819.16423382127,0.1342,1342
250800.57865142002,0.1359,1359
196045.96857649164,0.1308,1308
358427.0725264567,0.1211,1211
123501.63400550555,0.1268,1268
286260.86390725395,0.1268,1268
221452.2663015893,0.1149,1149
238404.31832410864,0.1372,1372
370463.29848800605,0.1404,1404
257470.06139675254,0.1452,1452
244860.984375914,0.1575,1575
347088.839805216,0.152,1520
337677.3701862936,0.1347,1347
307240.0521717816,0.1417,1417
380179.2238138969,0.1035,1035
302866.072003839,0.1345,1345
355636.90406940377,0.1661,1661
297608.2442013118,0.1672,1672
374218.6790359121,0.1508,1508
274173.0361252155,0.1434,1434
323732.0299498035,0.1417,1417
263485.0719078755,0.1228,1228
239415.3520304767,0.1086,1086
242543.87011925818,0.1466,1466
237743.01991547906,0.125,1250
254608.19773871836,0.1237,1237
178215.16455028264,0.143,1430
324391.70581358747,0.1373,1373
186447.38542646158,0.0872,872
283862.2563877192,0.1543,1543
356820.0713759954,0.1648,1648
243615.61896431984,0.14,1400
244931.3945788662,0.1284,1284
217868.92606194562,0.1205,1205
209238.18616123486,0.131,1310
240250.67490821882,0.1318,1318
290075.1436986289,0.1549,1549
184088.18209528923,0.1266,1266
293320.33778886765,0.1093,1093
286770.1104068245,0.1468,1468
240578.13729808523,0.1174,1174
318306.8522207245,0.1182,1182
277732.09137519164,0.1503,1503
311790.59154065803,0.1453,1453
294800.9497933692,0.1561,1561
408098.16365292144,0.1285,1285
312784.4778643637,0.1235,1235
216615.76345257254,0.1353,1353
191615.31169929128,0.1514,1514
317294.70567211404,0.1669,1669
244340.426452668,0.1619,1619
216521.53340078614,0.1405,1405
228676.934207605,0.1527,1527
233623.37586103592,0.1568,1568
182519.40877843942,0.1154,1154
208039.4482632466,0.127,1270
461606.5971099335,0.1306,1306
304452.1365082785,0.1244,1244
250125.32571498048,0.1206,1206
365320.9197383042,0.1391,1391
369911.5367453616,0.144,1440
323922.27987369645,0.1317,1317
225705.21918947,0.1108,1108
354958.73764187377,0.1484,1484
337388.7104966598,0.1595,1595
313817.4061784414,0.1505,1505
234421.7780494969,0.1458,1458
186201.71095610477,0.1411,1411
248403.00910280412,0.1308,1308
348167.3575480398,0.138,1380
308958.62998342636,0.137,1370
276272.2616156006,0.1332,1332
206231.05246475493,0.1179,1179
198511.02309404602,0.1319,1319
315506.32718314766,0.1353,1353
274687.683366234,0.1244,1244
145423.12634181746,0.1477,1477
377871.70923620043,0.1418,1418
193242.98114795,0.1623,1623
134348.08931092863,0.1405,1405
262741.7538916699,0.1538,1538
370071.02662543335,0.1604,1604
350760.1932875157,0.1536,1536
164632.1950811192,0.1247,1247
302451.1309991182,0.1488,1488
207410.47261221352,0.1264,1264
440479.9908909337,0.1135,1135
150035.54654939426,0.1288,1288
260199.05157969185,0.1313,1313
215092.88437098204,0.1526,1526
142292.73350485068,0.1501,1501
243915.7238627486,0.1592,1592
217250.7895902084,0.1187,1187
465815.1083131425,0.1145,1145
232348.21557312727,0.1447,1447
319593.9118560392,0.1344,1344
307168.90993053734,0.1383,1383
300430.5767710847,0.1394,1394
224945.97096561047,0.1765,1765
244374.40673842162,0.1587,1587
281137.6226366006,0.1809,1809
294197.98522177537,0.1262,1262
260870.14045975116,0.1624,1624
281185.33525080036,0.1618,1618
197381.5155695873,0.1354,1354
163496.9434402279,0.1343,1343
406323.91971857916,0.1552,1552
359695.95271754346,0.1157,1157
308873.86381181865,0.1399,1399
300441.9333165035,0.1718,1718
247853.57428226632,0.1582,1582
484195.78947300656,0.1532,1532
321836.9981318822,0.1492,1492
470440.8464938446,0.1178,1178
199455.3251209259,0.1027,1027
176483.37312195293,0.1239,1239
266542.9910817162,0.1714,1714
297650.2446934243,0.1189,1189
213879.2409525658,0.1648,1648
241278.5675164286,0.1432,1432
361339.75079317874,0.1612,1612
330081.4914053007,0.1356,1356
337239.8383572987,0.1227,1227
265205.5869256337,0.1474,1474
211458.8627344562,0.1509,1509
262023.1943804873,0.1601,1601
271152.0032329235,0.1363,1363
350753.4810010297,0.1475,1475
229272.44055487865,0.0983,983
349860.4303771762,0.1529,1529
222764.48898034004,0.1501,1501
273763.8259796774,0.1497,1497
450301.49893424043,0.1417,1417
372694.3856598987,0.1473,1473
204385.20761683906,0.1566,1566
242594.09972278637,0.1226,1226
325110.2042603207,0.1407,1407
418550.801774283,0.1755,1755
186484.10164736072,0.1474,1474
180054.38867210047,0.1482,1482
289667.26079292723,0.1272,1272
308030.6855572324,0.1306,1306
230189.8176023698,0.1555,1555
160251.00659415638,0.1434,1434
465405.20016176073,0.1232,1232
308058.4105842532,0.138,1380
133069.026208385,0.1227,1227
291252.0994879206,0.153,1530
219172.2506629028,0.157,1570
326364.8213255225,0.1546,1546
258770.3958433754,0.1328,1328
346301.365998119,0.1445,1445
267996.6675720541,0.1273,1273
218942.91007897333,0.1344,1344
310522.6435865096,0.1285,1285
171188.20280465277,0.1082,1082
211083.85732347306,0.1358,1358
301687.86064570374,0.1111,1111
336507.1643723279,0.1773,1773
254125.15296827987,0.1228,1228
285965.3365700433,0.1228,1228
329593.14709036384,0.1403,1403
253214.99088457893,0.1307,1307
183813.88355516238,0.1353,1353
213229.44667625026,0.1286,1286
330433.75180252304,0.1464,1464
186950.51826863212,0.1235,1235
375654.80560917413,0.1499,1499
176571.79018742198,0.1429,1429
298820.43409772153,0.1464,1464
299093.5818420444,0.1331,1331
201045.65746911784,0.1293,1293
212990.14190362973,0.109,1090
320402.5598780816,0.1437,1437
257593.6964329436,0.1323,1323
225376.300646686,0.148,1480
226585.79655043737,0.1644,1644
382402.62449401343,0.1424,1424
233736.95899353185,0.1414,1414
166232.55131653714,0.1329,1329
436149.37546018785,0.1293,1293
412374.00362503645,0.1282,1282
341234.39885943034,0.105,1050
270089.0306905927,0.1405,1405
172406.50561403116,0.1517,1517
206100.56579836577,0.1383,1383
249331.96643847678,0.1465,1465
278958.46519357996,0.1193,1193
176602.90401576977,0.1341,1341
275769.9107429288,0.1187,1187
245274.71917029558,0.1392,1392
444788.66531526693,0.1689,1689
210994.57027881968,0.159,1590
277047.4259384987,0.1249,1249
409740.7930012993,0.1482,1482
351815.6841994975,0.1598,1598
261916.51380713336,0.1365,1365
245890.46348956024,0.1465,1465
407119.92106424726,0.1469,1469
314555.3748630438,0.1075,1075
324144.1547302144,0.1178,1178
145144.38042964446,0.122,1220
279796.4564438667,0.1637,1637
209826.0910431397,0.1527,1527
211001.56067694974,0.126,1260
456093.9467478568,0.1313,1313
346286.56815663265,0.1202,1202
233022.1575968987,0.1485,1485
208437.7126566428,0.163,1630
407855.7691901924,0.1663,1663
269562.2495967962,0.1497,1497
209796.64589184354,0.1361,1361
373113.32078094315,0.1097,1097
271667.805986465,0.1531,1531
313101.49923334643,0.1428,1428
237205.5842883907,0.1534,1534
297406.2943588612,0.1364,1364
188041.16903351672,0.1012,1012
267731.7286948358,0.1475,1475
218288.39612248764,0.1191,1191
352682.8620198488,0.1416,1416
355610.2166176599,0.1708,1708
210332.30915201953,0.1209,1209
258133.59334099162,0.1109,1109
484223.7203407813,0.1238,1238
273081.9843352934,0.1084,1084
285470.94423214206,0.0911,911
180169.62478477223,0.1461,1461
196308.82952530804,0.134,1340
271451.75384625106,0.1538,1538
261436.58602842086,0.152,1520
165478.18400533416,0.1138,1138
267028.98682190076,0.1297,1297
191342.40254618475,0.1487,1487
214925.3334345342,0.1096,1096
233786.55543965474,0.1394,1394
277401.927869674,0.1509,1509
285703.97597292246,0.1542,1542
273395.772588788,0.113,1130
338471.9196962287,0.1397,1397
182645.5472156361,0.1698,1698
132784.12641975514,0.1248,1248
384195.34860606294,0.1408,1408
265011.0964024618,0.1413,1413
305350.9327605712,0.1607,1607
245774.11906080827,0.1536,1536
158270.95251121712,0.124,1240
190633.60013978486,0.1215,1215
275590.2935232887,0.1527,1527
328531.90042991075,0.1476,1476
338812.8438328342,0.1209,1209
258883.9473945352,0.1328,1328
236360.93871130067,0.1323,1323
367081.104505368,0.1374,1374
233866.38166192875,0.1375,1375
228574.59411498506,0.1262,1262
225427.0480534334,0.1307,1307
289109.76158020017,0.1559,1559
341986.77453334886,0.1361,1361
232084.29758842045,0.1351,1351
286834.57927264983,0.1751,1751
283929.0310930509,0.1304,1304
254521.58092340585,0.1355,1355
171433.07662683667,0.1526,1526
306488.7776886574,0.1074,1074
310990.91267468606,0.1397,1397
332404.82102627656,0.0944,944
323523.16132878093,0.1495,1495
389103.2167369496,0.1243,1243
219941.5375379288,0.1331,1331
439113.33985024807,0.1317,1317
277410.2361218837,0.1447,1447
153947.64430966665,0.1254,1254
185747.18865869724,0.1212,1212
274159.26575995295,0.1331,1331
178327.35814790128,0.1474,1474
144096.72433493304,0.1096,1096
364614.5494941154,0.1298,1298
356625.3730500988,0.1454,1454
237618.2995149768,0.1768,1768
432984.0499686873,0.1124,1124
249387.7809137893,0.1647,1647
363260.27372959885,0.1211,1211
196509.189584208,0.1625,1625
244735.30987516337,0.1264,1264
258862.92859397738,0.1488,1488
308229.03813503747,0.1322,1322
288903.92735766154,0.1463,1463
193191.11516902,0.1305,1305
330924.7168876122,0.1528,1528
316464.5626035229,0.1486,1486
334835.46647269157,0.1377,1377
307301.8662678191,0.139,1390
279533.20462850033,0.1734,1734
348919.7496012836,0.1293,1293
214192.41489743677,0.1099,1099
368200.78475137765,0.1432,1432
341981.8719941979,0.1375,1375
447418.61488970334,0.1202,1202
282524.5912226487,0.1444,1444
384906.14854347985,0.1319,1319
319201.5393222641,0.0915,915
307228.08088260336,0.1349,1349
270597.14261933527,0.1493,1493
312789.76857037446,0.1145,1145
279959.46723559033,0.151,1510
313109.2941406443,0.1263,1263
165839.36644469015,0.1537,1537
284549.8796168775,0.1604,1604
263962.41955185536,0.1411,1411
343319.28193835565,0.1549,1549
485497.17847301904,0.1458,1458
150503.24708945208,0.1387,1387
125380.12267132642,0.1701,1701
231203.18391986287,0.142,1420
296266.69499909686,0.1398,1398
364286.24148020975,0.1523,1523
218918.21933214722,0.1137,1137
258069.3047939956,0.1516,1516
358933.36433292273,0.1349,1349
313453.842280456,0.1187,1187
213363.95615568518,0.133,1330
283303.48547966225,0.1281,1281
232177.48816908294,0.136,1360
310687.7987509018,0.1549,1549
285984.32618430816,0.1223,1223
161322.41094945895,0.1476,1476
311870.72593294183,0.1469,1469
265598.4312112725,0.1377,1377
352295.75264597114,0.1736,1736
190679.31591150793,0.1283,1283
278746.3270719881,0.1358,1358
238090.93141497858,0.1614,1614
256511.50418601042,0.1227,1227
334601.9984724456,0.1237,1237
377228.43499642145,0.1636,1636
370256.16528828145,0.1412,1412
214793.49808310095,0.1204,1204
223468.42311661327,0.1486,1486
264038.5467294653,0.1519,1519
318368.5255919325,0.1208,1208
203668.41813440027,0.1475,1475
276393.3992525409,0.1709,1709
299716.5029408337,0.1352,1352
172356.31434141242,0.1489,1489
296888.6635373891,0.15,1500
271216.9982221979,0.142,1420
318846.52051668067,0.1211,1211
208166.21187329682,0.1375,1375
390589.12885474815,0.1472,1472
352898.21646224585,0.1517,1517
302729.84099399275,0.1314,1314
413757.0051465735,0.1574,1574
261548.7734184487,0.1603,1603
351111.2354371972,0.143,1430
301709.7072793478,0.166,1660
194193.86546549445,0.1386,1386
397530.3963006469,0.1672,1672
236383.7910253087,0.1146,1146
256970.2704518481,0.1727,1727
357747.1740931561,0.1424,1424
257519.214513492,0.1493,1493
240384.29718547058,0.1458,1458
294437.0487699158,0.1356,1356
258568.73314939707,0.1215,1215
343370.0803289785,0.1574,1574
315901.1757965622,0.138,1380
218618.149762167,0.1242,1242
225999.5630227932,0.135,1350
293611.48745360645,0.1414,1414
198353.24906083933,0.1616,1616
280705.8339081668,0.1642,1642
167038.2183196333,0.1613,1613
208529.28753265014,0.1294,1294
253538.74907738162,0.1443,1443
266992.98747289233,0.1337,1337
211142.76482476783,0.1267,1267
174938.48332537274,0.1728,1728
347989.7514479286,0.1484,1484
269378.4913809702,0.1279,1279
206938.76881593643,0.1175,1175
360264.2473851407,0.163,1630
221905.50692522066,0.0988,988
195473.30682280043,0.1362,1362
389761.33737045666,0.1388,1388
287896.66183702165,0.1375,1375
205245.46440880146,0.1507,1507
318194.1054926249,0.1185,1185
248407.8394433062,0.1587,1587
261957.52610766207,0.1256,1256
317872.70824955706,0.1456,1456
250928.03374523093,0.1539,1539
420246.85032638663,0.1222,1222
443850.0353521066,0.1505,1505
276114.4677309032,0.1326,1326
345486.57450761186,0.166,1660
495072.7405139599,0.1152,1152
372088.6235200708,0.121,1210
368258.34451951174,0.1525,1525
396156.6833862557,0.1261,1261
231514.35716070214,0.1423,1423
327566.36432305584,0.1267,1267
187204.5848600715,0.1177,1177
300677.56836992915,0.1398,1398
270196.02496336476,0.1521,1521
270541.6283493938,0.1655,1655
257732.50282948618,0.1316,1316
125832.49066690501,0.1587,1587
419179.5155786224,0.1618,1618
177209.68515556693,0.1187,1187
210315.91436620092,0.1366,1366
184509.87188156234,0.1523,1523
199636.80932441447,0.1332,1332
269469.2003642766,0.1205,1205
151763.12884639754,0.1326,1326
276996.10353340005,0.1556,1556
331401.1354714407,0.1405,1405
180478.0274498089,0.1583,1583
337393.05999699724,0.1636,1636
259378.33946371698,0.1395,1395
445695.1367460915,0.1235,1235
176595.7504423058,0.1508,1508
204764.60883625475,0.119,1190
229771.25794250288,0.1342,1342
448427.95613539807,0.1453,1453
291042.7594661763,0.1458,1458
194186.9751570639,0.1381,1381
296574.2118957969,0.1452,1452
288918.48979131365,0.1622,1622
458148.71529490873,0.1318,1318
327143.9297103983,0.1524,1524
181659.37770870517,0.1524,1524
285246.5424325288,0.1495,1495
283783.1455127446,0.1252,1252
252979.77192474884,0.1194,1194
326372.32167691254,0.1037,1037
286514.33610540134,0.1383,1383
301489.6322116411,0.1326,1326
341614.5353172638,0.1457,1457
145610.90976901184,0.1529,1529
243666.69555072245,0.1757,1757
359240.6391684602,0.1536,1536
217169.57570814306,0.0964,964
185068.56240352662,0.1195,1195
282270.6972975332,0.131,1310
331220.6763219836,0.1183,1183
276139.56822523114,0.1254,1254
203155.27361934533,0.1406,1406
205572.7304231887,0.1511,1511
297971.0337560881,0.1395,1395
247676.15392950678,0.1465,1465
239475.777333312,0.1454,1454
221323.25870393592,0.1401,1401
183605.0630700699,0.1452,1452
224418.88132027697,0.1285,1285
247782.3241496269,0.1215,1215
347613.77173962886,0.1548,1548
238663.3756716909,0.1432,1432
254790.27635619193,0.1246,1246
365233.40813150187,0.1285,1285
179923.81865389625,0.153,1530
257409.9207475738,0.1143,1143
286089.77604668925,0.1094,1094
344432.8700695372,0.1249,1249
191520.62513256323,0.1497,1497
285608.8764337554,0.1284,1284
221239.1872522708,0.1675,1675
327830.9035622748,0.1338,1338
264803.71041967714,0.1546,1546
268448.24015208584,0.1365,1365
298915.3056046118,0.1579,1579
276684.3027745064,0.1491,1491
170128.01579497874,0.1324,1324
318768.9935204135,0.1115,1115
375634.6148278934,0.1501,1501
253832.49725433812,0.1379,1379
364414.01343512745,0.1284,1284
259047.43506611013,0.139,1390
441682.2803600854,0.1375,1375
227576.23606582635,0.1011,1011
235885.2778721099,0.1106,1106
351195.503787078,0.1436,1436
375355.26981918875,0.1418,1418
258434.43969378815,0.1324,1324
311591.979676862,0.1729,1729
265972.69845217286,0.148,1480
288507.0005742765,0.1548,1548
236324.50018630925,0.1636,1636
300994.1813928844,0.132,1320
393927.5688806437,0.1616,1616
223248.36639650312,0.1643,1643
289642.32371278707,0.1198,1198
257017.7782021849,0.1306,1306
310484.3470092407,0.1418,1418
197528.5600789237,0.1384,1384
219971.61596929797,0.1254,1254
333962.3595034368,0.1647,1647
238307.53938898392,0.1544,1544
253193.7885442874,0.1057,1057
323669.1069941708,0.1193,1193
290248.55632808496,0.1513,1513
353936.50414567307,0.1176,1176
274405.303816406,0.1415,1415
306713.09731046006,0.1324,1324
369836.9120557917,0.1367,1367
289784.81307388714,0.1524,1524
234667.91546283354,0.1531,1531
336119.76382030064,0.1505,1505
260486.43887891006,0.1299,1299
237312.4367627425,0.1401,1401
234524.9033227671,0.1321,1321
246685.20792708782,0.1247,1247
227883.8183990058,0.1064,1064
244434.66159375626,0.14,1400
354656.4266145729,0.1394,1394
362732.8944484779,0.1528,1528
192233.30468788958,0.1321,1321
170380.61365729992,0.1605,1605
240203.08784640284,0.1481,1481
245680.92474217416,0.124,1240
229672.5049173956,0.1314,1314
340930.1495251848,0.136,1360
290648.64665669296,0.1574,1574
361939.6056449745,0.1437,1437
290759.779595741,0.1595,1595
323744.554623014,0.1395,1395
260390.6718538482,0.1391,1391
300654.7164793443,0.1391,1391
160237.612264595,0.1461,1461
185335.58230367454,0.1318,1318
219419.49748666762,0.1333,1333
334454.4201693415,0.1203,1203
418014.99618023506,0.17,1700
234858.76669625696,0.143,1430
300207.96551020717,0.1407,1407
204196.05487364263,0.1198,1198
323138.3463506403,0.1493,1493
334065.95436839754,0.1454,1454
272122.8966059509,0.0963,963
276629.57828143326,0.128,1280
300008.57634693576,0.1195,1195
305325.1822301052,0.1152,1152
179231.24769387115,0.1295,1295
351791.8209383391,0.1276,1276
379941.0148723853,0.1546,1546
213802.08658101302,0.1682,1682
258709.61269062356,0.1255,1255
282378.3784233196,0.1074,1074
349375.0694459846,0.146,1460
255238.12498395855,0.1508,1508
305186.5240589172,0.149,1490
245683.21665712158,0.1396,1396
208277.8509730495,0.1295,1295
351442.4762216519,0.1568,1568
336936.53571353346,0.1193,1193
478481.9675463791,0.1332,1332
283249.385489537,0.1292,1292
210298.37445996824,0.1168,1168
230849.38902150845,0.1413,1413
425209.6119090242,0.1206,1206
211010.83814207232,0.1537,1537
141699.4706248281,0.1597,1597
297091.5300874662,0.1247,1247
246938.8360990295,0.1648,1648
298769.0512245513,0.137,1370
183926.62718229412,0.134,1340
185801.92446708312,0.1201,1201
214409.9391295875,0.122,1220
439587.9562556619,0.1273,1273
304444.2248637831,0.1134,1134
213692.27493946752,0.146,1460
354254.9861115478,0.1531,1531
169546.17556710637,0.1405,1405
253817.32256356892,0.1501,1501
265376.75771114347,0.1694,1694
188264.30984973258,0.1384,1384
262488.06681288406,0.1126,1126
267998.50598496804,0.1619,1619
256051.48868712963,0.1272,1272
323294.874866148,0.1489,1489
299030.62248797796,0.0904,904
137070.72514402342,0.1368,1368
243656.86677483618,0.1236,1236
273967.4562542152,0.1359,1359
203817.0529074661,0.0956,956
227729.2528925288,0.1523,1523
249658.59525369006,0.1587,1587
369402.99460759957,0.1374,1374
212209.7893064249,0.144,1440
166325.98893584308,0.1403,1403
342763.13373939577,0.1173,1173
253137.50757312638,0.1255,1255
166476.54347987834,0.1557,1557
255411.6524985148,0.1371,1371
341031.13712799904,0.1729,1729
315886.42598706234,0.1536,1536
212840.80800894805,0.1353,1353
272247.3621127244,0.1215,1215
379613.67522541166,0.1517,1517
225674.98222514676,0.1365,1365
221747.1785645999,0.15,1500
297966.87558008975,0.1172,1172
237707.9241498768,0.1235,1235
194078.69916342254,0.1421,1421
216404.96109976596,0.1422,1422
323084.417295681,0.1308,1308
288538.9498159199,0.1268,1268
289602.28851353104,0.1592,1592
479992.2676929637,0.1647,1647
237923.3415251687,0.1293,1293
279560.6609204561,0.1308,1308
168082.37226369805,0.135,1350
300109.5921837699,0.164,1640
314732.30389140785,0.1235,1235
359698.4080912679,0.1188,1188
277078.30028976593,0.1357,1357
298159.42843276885,0.1239,1239
342766.14064660715,0.1382,1382
336037.09532647894,0.1507,1507
275455.40318200976,0.1386,1386
282284.53341413854,0.1209,1209
258823.36738297623,0.1313,1313
154804.80741931678,0.1458,1458
240347.15826403123,0.1279,1279
261926.03613449007,0.1698,1698
231647.69832355835,0.1363,1363
143163.5343009417,0.1258,1258
194739.80161788006,0.1679,1679
241075.9904549972,0.1438,1438
275506.1381204404,0.1243,1243
378444.36598024756,0.143,1430
329625.0239917462,0.1241,1241
259295.89780529597,0.1114,1114
196252.7697205972,0.1559,1559
193240.24178208417,0.1308,1308
242704.193545858,0.1398,1398
253128.9009027946,0.1368,1368
209189.87085997485,0.1481,1481
317419.89464856114,0.1298,1298
444787.3975239376,0.1204,1204
224447.35854779847,0.1439,1439
465545.1619447922,0.1588,1588
256225.92814529195,0.1281,1281
221209.08245138233,0.1573,1573
200486.15687923244,0.1387,1387
155757.25852682552,0.1466,1466
217912.25539784314,0.1171,1171
361499.0533882619,0.1472,1472
276981.06725254643,0.1332,1332
267581.76158384816,0.1283,1283
311504.7074966097,0.1541,1541
301495.429957311,0.1318,1318
344579.1691053732,0.1609,1609
247226.76785999164,0.1341,1341
205830.20705734487,0.1675,1675
445416.7328062958,0.1313,1313
274026.08342896355,0.1332,1332
250047.83985669026,0.1762,1762
225932.11526525763,0.1273,1273
190668.53880128398,0.1638,1638
267816.62762689375,0.1122,1122
279707.658103474,0.1422,1422
335608.79041425185,0.1247,1247
307502.33630803495,0.1489,1489
267517.38000820385,0.1235,1235
273523.95624550997,0.1395,1395
212500.93666976073,0.1818,1818
289040.8184475707,0.1404,1404
243530.914015434,0.132,1320
195596.0061821196,0.1352,1352
212812.47232369363,0.1601,1601
249688.0523268538,0.1529,1529
228497.96788480371,0.1323,1323
349694.2275310166,0.1367,1367
316793.3404706338,0.1336,1336
247223.26489955073,0.1488,1488
264019.9420810273,0.1645,1645
255089.0904639728,0.1269,1269
322522.1077010986,0.1658,1658
382856.47709662403,0.1183,1183
162732.40554862787,0.1331,1331
335008.53883869766,0.1599,1599
290924.2081150879,0.1433,1433
418358.3387855075,0.1381,1381
291229.1411959082,0.1326,1326
318966.8510562819,0.1389,1389
271185.2410972462,0.139,1390
316407.6117182628,0.1506,1506
169123.8321436997,0.1591,1591
446017.024788586,0.1424,1424
286190.1173311536,0.1401,1401
194122.6391507601,0.1307,1307
202537.34667332633,0.1479,1479
202725.83507298183,0.1138,1138
288425.7231375228,0.1453,1453
360019.24338872294,0.092,920
198664.25837475012,0.1497,1497
301539.7835923188,0.1363,1363
251300.9999069441,0.1372,1372
214694.3305734378,0.0891,891
261154.5921510972,0.1464,1464
181022.89590700663,0.1504,1504
222693.083585407,0.1412,1412
240873.8137125544,0.147,1470
268048.0654632701,0.1247,1247
293486.03711724683,0.1248,1248
358976.1330291565,0.1233,1233
233297.55788813173,0.1434,1434
440126.8160453899,0.1499,1499
287659.0712168781,0.1317,1317
237364.15795170315,0.1434,1434
167512.60048843245,0.1475,1475
307581.72661461355,0.1492,1492
256746.10564330695,0.1334,1334
353286.89800540893,0.1539,1539
321939.39964503574,0.1505,1505
429361.47096769616,0.1432,1432
175878.03556924328,0.119,1190
318291.5132492844,0.1443,1443
225082.35261689988,0.1461,1461
397263.42962778953,0.0984,984
291833.95422070933,0.1285,1285
400243.8239533474,0.1079,1079
201822.30370566607,0.129,1290
408786.5560047004,0.1464,1464
363659.2047819215,0.113,1130
245187.5396851125,0.1451,1451
235803.92965330373,0.1619,1619
280293.4759134832,0.1612,1612
251490.27107728238,0.1138,1138
343373.55154327734,0.1833,1833
292950.0029159098,0.1339,1339
388796.216903784,0.1384,1384
235638.42879295297,0.1367,1367
214952.74560937448,0.1348,1348
225448.35529337538,0.1591,1591
286617.29473880725,0.1294,1294
294800.2684994366,0.1373,1373
375460.6007184327,0.1454,1454
344653.5839491951,0.1393,1393
174187.36699689738,0.1627,1627
344245.204778645,0.1601,1601
376981.999142269,0.145,1450
183318.94415289405,0.1311,1311
446754.0497916098,0.1198,1198
284143.79771069606,0.1564,1564
380504.6725045711,0.1469,1469
335854.54698247864,0.1526,1526
257864.9271509938,0.1516,1516
171872.29136918343,0.1351,1351
271852.3474533359,0.1034,1034
294130.9493918133,0.1542,1542
372733.6889647198,0.1695,1695
175452.22579210176,0.1304,1304
304893.9635270217,0.1594,1594
381031.1058156116,0.1259,1259
209649.31926192305,0.1244,1244
408895.7142718109,0.1154,1154
450445.8585443334,0.1216,1216
250576.8757234695,0.1363,1363
248028.42781819458,0.1308,1308
197363.4177403761,0.1338,1338
228265.1199904973,0.1525,1525
351248.81742334005,0.152,1520
410216.18581464153,0.1568,1568
257578.6325095813,0.1565,1565
307732.806788182,0.1471,1471
192724.05021851018,0.1363,1363
319698.6680593493,0.1379,1379
299889.0156546772,0.1538,1538
196397.3942683352,0.1553,1553
195331.07427195748,0.1516,1516
202980.39993498067,0.1372,1372
328442.66849335335,0.1391,1391
296438.1526585631,0.1495,1495
309245.2669137361,0.1633,1633
328972.0258571374,0.1452,1452
203885.5341853612,0.1311,1311
353765.4634315016,0.1375,1375
321063.9651639314,0.1298,1298
311712.67927341745,0.0936,936
298001.04893115617,0.1556,1556
341748.7261578355,0.1401,1401
275008.04269637767,0.1286,1286
330993.96018981567,0.152,1520
294302.26745507936,0.1606,1606
336043.66210550553,0.1283,1283
240706.71052724854,0.1582,1582
324469.81439497444,0.151,1510
437554.8155125187,0.179,1790
266329.9304270533,0.1606,1606
195846.55822880767,0.158,1580
268276.3810588199,0.1565,1565
278662.1598992095,0.1344,1344
353900.1887740973,0.1502,1502
329594.0008780366,0.135,1350
278334.71596296155,0.1597,1597
251270.36804768862,0.1645,1645
200057.520561148,0.1402,1402
307571.051529079,0.1422,1422
266378.611104538,0.162,1620
322292.76280051196,0.1152,1152
352574.99789133813,0.1651,1651
237662.0021350987,0.1523,1523
355149.5798492528,0.1553,1553
261877.1701232493,0.1232,1232
346858.7023589333,0.1302,1302
182439.01872654932,0.1435,1435
243267.42176080903,0.1426,1426
368884.4900945277,0.164,1640
349803.136590358,0.149,1490
263748.4421572626,0.124,1240
270475.3672519492,0.1242,1242
219440.89093625327,0.1525,1525
273297.44941966044,0.1609,1609
463711.5384749468,0.1522,1522
155565.13729949808,0.1522,1522
267593.0282757137,0.1146,1146
167071.5347712704,0.164,1640
187421.10462955982,0.1253,1253
296909.0294741815,0.15,1500
217673.95047253417,0.1401,1401
371664.63602512784,0.1424,1424
367370.20008377644,0.1339,1339
288612.6880643137,0.1233,1233
261342.2909994098,0.1664,1664
283131.5201791935,0.1368,1368
293610.61857227184,0.1443,1443
214226.41070292072,0.1227,1227
242389.49403460536,0.151,1510
224709.74078742333,0.1384,1384
254522.22744626307,0.1289,1289
276907.4626274513,0.1337,1337
360889.3762180196,0.1693,1693
252536.84536540118,0.1328,1328
189480.26614073987,0.1423,1423
219033.24555491778,0.1781,1781
356182.36544003384,0.1242,1242
190990.52234356786,0.14,1400
390661.36998581473,0.1532,1532
151997.1075128104,0.1164,1164
256220.28173142957,0.1531,1531
331944.197393364,0.1612,1612
352677.7446323941,0.1384,1384
368646.6821084274,0.1358,1358
276134.21848784847,0.1315,1315
210911.78833294383,0.1469,1469
395136.2575635533,0.1451,1451
310944.4138675856,0.1691,1691
185353.65477953455,0.1515,1515
220247.4095605444,0.1315,1315
325014.85699217167,0.1559,1559
195501.8326034255,0.1093,1093
220501.5456973776,0.1337,1337
254687.7114224074,0.1396,1396
255289.75398183946,0.1512,1512
164305.0663769062,0.1516,1516
182831.59090259633,0.1202,1202
198441.75407360282,0.1474,1474
280837.64090026345,0.1096,1096
329768.77137918124,0.1718,1718
220132.1300403616,0.1219,1219
198370.31127106768,0.1067,1067
267996.0001505582,0.1282,1282
369135.0601069085,0.1406,1406
271168.1613516138,0.1579,1579
276564.4953037935,0.1349,1349
333763.34188708366,0.1431,1431
489565.7588795982,0.1574,1574
244545.09819401166,0.1577,1577
305631.42991192,0.1295,1295
185753.93411389148,0.1325,1325
210868.38502722944,0.1437,1437
377280.06339358207,0.1193,1193
409697.82591950375,0.1211,1211
290649.7856130584,0.1542,1542
374841.1641405676,0.1624,1624
270477.1649059656,0.1301,1301
219112.34083449212,0.1294,1294
195335.83375615996,0.1213,1213
251819.92968967248,0.1457,1457
234790.22524249624,0.1422,1422
251145.27014379954,0.1574,1574
310593.8191343251,0.1485,1485
285863.3405132149,0.1501,1501
141950.07980197528,0.1554,1554
257533.43517677428,0.1731,1731
132052.81568714677,0.1477,1477
185865.59110799382,0.1222,1222
272240.40580479364,0.1202,1202
166457.46635928692,0.1555,1555
214366.37069020575,0.1408,1408
380385.32727982133,0.1654,1654
486497.92433728074,0.137,1370
233732.34469254446,0.1558,1558
340418.34231215814,0.1399,1399
256486.1920845862,0.1652,1652
236819.15465885663,0.141,1410
225977.82276571827,0.1473,1473
270774.91602906294,0.1004,1004
347771.1918761658,0.1409,1409
224259.03439714378,0.1362,1362
137838.59328362794,0.1135,1135
213054.52346286824,0.1642,1642
207160.18802774858,0.1275,1275
418913.4866061812,0.1165,1165
349995.75514194916,0.1451,1451
234993.01357286915,0.1663,1663
326326.0550167634,0.1402,1402
399196.6654055762,0.131,1310
172692.50464985962,0.1508,1508
304961.5289543708,0.1467,1467
336473.53910460963,0.1624,1624
267184.11941123416,0.1115,1115
243079.32681681338,0.152,1520
344311.7812553076,0.1071,1071
240544.87771483834,0.1322,1322
213699.8710815245,0.1224,1224
340396.7521135617,0.1578,1578
343809.62110871857,0.1305,1305
302987.2311117799,0.1342,1342
218544.80623954645,0.1382,1382
252089.02500783987,0.1301,1301
203277.71740671105,0.14,1400
312286.932526795,0.1521,1521
257590.71823939998,0.1577,1577
356557.66395415366,0.1357,1357
277047.6455837565,0.1157,1157
159929.37022386884,0.1582,1582
181882.15902167908,0.1372,1372
391187.9753112984,0.1288,1288
379477.62262468645,0.1538,1538
221559.9776259209,0.1248,1248
149232.97262865325,0.146,1460
170421.5771540458,0.1469,1469
246313.26672496472,0.1477,1477
185292.00704198808,0.1301,1301
202856.27994598154,0.1635,1635
268682.62512769963,0.1262,1262
230659.3473822402,0.1247,1247
217135.02574659936,0.1325,1325
254377.8498953453,0.1294,1294
267473.9961403544,0.1351,1351
184580.9017944982,0.1497,1497
322623.58972478256,0.133,1330
272991.92944555316,0.1373,1373
187321.23101918018,0.1616,1616
366181.39924658416,0.1288,1288
161881.20027602417,0.1295,1295
272111.5270233394,0.1106,1106
319876.5771626756,0.1124,1124
309944.7608763994,0.148,1480
476956.273599263,0.1506,1506
364665.8996360992,0.1547,1547
290300.8387868612,0.1373,1373
257774.9030986311,0.1421,1421
279572.43347973516,0.1336,1336
321211.8173831215,0.1571,1571
482690.90134840825,0.1419,1419
251081.04663174629,0.1144,1144
234972.34288140456,0.1368,1368
366902.7135629181,0.1203,1203
193911.37762406262,0.1215,1215
281804.32262313605,0.173,1730
254758.75119184787,0.146,1460
224311.61877122987,0.1401,1401
234711.52596839494,0.1231,1231
459731.68856617145,0.1392,1392
139637.1927239643,0.1488,1488
494599.705877613,0.142,1420
305691.2422576206,0.1283,1283
288774.6064474159,0.1356,1356
292941.00819261756,0.1513,1513
358376.41783649736,0.127,1270
308018.4827609966,0.1268,1268
222468.4613758249,0.1419,1419
261760.4153163269,0.1285,1285
135634.43513165554,0.1385,1385
346521.6230813746,0.1193,1193
147731.5669279958,0.1361,1361
269162.3178064922,0.1247,1247
290660.4013339832,0.1229,1229
160523.39650702002,0.1277,1277
352647.14470285614,0.1387,1387
259519.97040340002,0.1584,1584
175864.79118209874,0.1449,1449
204969.02469157564,0.1327,1327
194836.5939588623,0.1576,1576
142870.1348094679,0.1182,1182
230382.63879994498,0.1387,1387
306209.06837107387,0.1116,1116
206043.33315185035,0.0948,948
304571.86438941123,0.1614,1614
281214.49818099,0.1433,1433
256292.74508673765,0.1516,1516
314002.3268019456,0.1264,1264
450786.56977964606,0.1401,1401
265204.40634449193,0.1152,1152
271690.29519208265,0.1443,1443
254258.58516138725,0.1121,1121
306818.28627750144,0.1575,1575
258596.58005384766,0.1411,1411
379623.06614322576,0.1166,1166
176600.67965388694,0.1528,1528
391850.9135511954,0.1326,1326
310945.0263681428,0.1107,1107
205992.51892671612,0.1447,1447
315025.59717828274,0.1508,1508
327763.04853773664,0.1385,1385
233331.1962456489,0.1544,1544
319639.36050878756,0.1366,1366
390305.48902963614,0.1777,1777
211883.0651232805,0.1286,1286
243399.65813969087,0.1431,1431
272571.37948424346,0.1331,1331
385811.5497748377,0.135,1350
329022.33784134884,0.1299,1299
268612.87543811864,0.145,1450
221454.67562771862,0.1544,1544
227457.23885699338,0.1378,1378
284401.43412973464,0.1357,1357
213171.06382401055,0.1077,1077
275445.2530624694,0.1355,1355
236981.74391989424,0.1207,1207
182040.5832009289,0.129,1290
318286.9184615975,0.1189,1189
169512.6974533225,0.1508,1508
174581.11927969617,0.1043,1043
269280.73302905395,0.118,1180
196492.0052843876,0.1734,1734
242016.47987942334,0.1289,1289
237464.01533685147,0.1022,1022
288420.4691287408,0.148,1480
347673.76578296616,0.1306,1306
162630.52400032425,0.1298,1298
362075.1390660066,0.1548,1548
243152.54894797516,0.1372,1372
218953.21754767015,0.147,1470
211495.31938980363,0.1196,1196
144994.1171778125,0.1172,1172
316473.00368893123,0.1194,1194
295682.4408273313,0.1663,1663
243189.94279151165,0.1518,1518
348480.24430660805,0.1399,1399
154259.23954840397,0.1527,1527
197421.5908599719,0.1438,1438
340059.24499019317,0.1335,1335
263159.5514947959,0.1273,1273
279943.3262410258,0.1344,1344
368296.97006154293,0.1392,1392
220636.4839139468,0.1085,1085
266749.97681480466,0.1364,1364
144402.563670235,0.1621,1621
240791.96341653424,0.1349,1349
259923.76608856482,0.123,1230
226090.12100760822,0.1534,1534
416110.5159814909,0.1503,1503
418031.6650527244,0.1281,1281
250269.18981556356,0.1656,1656
181947.33549229376,0.1464,1464
426413.7297592656,0.1455,1455
327568.0042546782,0.1317,1317
342701.626687461,0.1475,1475
305080.9125610801,0.1215,1215
366186.18677942624,0.144,1440
264353.7486755872,0.1363,1363
337151.7608306624,0.1329,1329
407968.8837836845,0.1488,1488
308165.134200295,0.1384,1384
227866.30312497335,0.1555,1555
252179.9107799909,0.1514,1514
288161.4273741068,0.1348,1348
262893.16408052365,0.1595,1595
244327.8455849299,0.1239,1239
237378.73884151474,0.1105,1105
207487.7999239854,0.1107,1107
164263.06106569103,0.1525,1525
218899.68298725813,0.1438,1438
300975.3292578768,0.1338,1338
301170.54133767105,0.1239,1239
463487.28359584755,0.1196,1196
211062.4472610521,0.135,1350
274431.838554505,0.1458,1458
216740.15675353078,0.151,1510
373670.7357794652,0.1645,1645
320249.24350008025,0.1659,1659
372994.2765553207,0.1756,1756
298749.56781062775,0.1509,1509
308502.53993678285,0.1374,1374
263850.99755680084,0.1546,1546
369588.5688147881,0.11,1100
274847.39074513275,0.1348,1348
468753.2742845516,0.165,1650
215729.40943805478,0.12,1200
201774.4995534303,0.1556,1556
234271.41963683857,0.1285,1285
203776.91677577855,0.1494,1494
294300.93750914925,0.1668,1668
379297.1064636194,0.103,1030
231027.10091579516,0.1666,1666
348929.30083127297,0.1078,1078
252465.82532446718,0.1182,1182
187710.4811258433,0.1351,1351
384465.077427361,0.1349,1349
420042.96268777084,0.1354,1354
381623.8263336691,0.1376,1376
252478.39734067905,0.1232,1232
300772.7912278766,0.1632,1632
273454.24478706514,0.1521,1521
252865.9193211692,0.1564,1564
276050.79855412105,0.1338,1338
318384.37593194284,0.1514,1514
237270.339479689,0.146,1460
198294.18905679908,0.153,1530
359548.9676993505,0.1281,1281
263288.29129946406,0.159,1590
339719.533648747,0.1116,1116
452911.93021304347,0.1566,1566
248457.7288930105,0.142,1420
249761.32168702345,0.1142,1142
298438.0424202211,0.1313,1313
335347.4249961058,0.1583,1583
250433.00539133433,0.151,1510
248864.08015198488,0.1274,1274
394207.1632911049,0.1481,1481
206036.56353703828,0.1178,1178
256292.91604923716,0.1269,1269
164631.416097765,0.1665,1665
186214.52663255046,0.1673,1673
216348.71605094912,0.1482,1482
244194.4564047795,0.1734,1734
153563.22543367362,0.1295,1295
307521.33468714164,0.1826,1826
337007.85438570083,0.156,1560
231653.32953440704,0.1312,1312
179880.07584545604,0.1188,1188
136137.4702683957,0.1275,1275
188550.7054590046,0.1621,1621
218372.50213202232,0.1261,1261
236840.49822198326,0.1395,1395
278486.5139509145,0.1616,1616
256205.62161624894,0.1169,1169
374553.3845281966,0.139,1390
399603.938936213,0.1143,1143
310415.83444059006,0.1634,1634
398006.1629714867,0.1193,1193
226401.21705799882,0.161,1610
301140.1230425136,0.1486,1486
272144.58229584835,0.1477,1477
317546.66488731105,0.1442,1442
284442.94954490557,0.1084,1084
468069.0829850918,0.1649,1649
468457.21222422627,0.137,1370
196648.157810529,0.1452,1452
247003.5214605477,0.1441,1441
267383.6588669028,0.1291,1291
222846.61623671974,0.139,1390
272152.85860385606,0.1256,1256
395593.6679825124,0.1457,1457
280928.17579793936,0.16,1600
463337.4147399417,0.1556,1556
238414.64665309235,0.1406,1406
206983.50378282843,0.1659,1659
265378.24380916916,0.1163,1163
287569.8056973367,0.1298,1298
399018.26601204043,0.1514,1514
272953.1536324138,0.1243,1243
187805.79327551395,0.116,1160
203856.85679356282,0.1257,1257
277211.80262579914,0.1785,1785
337631.3715300905,0.1186,1186
335326.4328538972,0.1451,1451
342584.8084272417,0.1132,1132
243258.37124826753,0.1261,1261
330517.4576747732,0.1445,1445
183463.99483783267,0.1152,1152
257791.53082243595,0.1316,1316
230140.08672468603,0.1078,1078
261135.26556480862,0.1376,1376
293840.5745913734,0.1574,1574
333546.0177060732,0.1359,1359
258478.40054953416,0.1781,1781
295627.20059102884,0.1485,1485
217304.80341040695,0.1593,1593
268971.21729646303,0.1513,1513
347969.03196177987,0.1423,1423
261540.7735806498,0.1112,1112
158764.5071236778,0.1413,1413
203212.73953019918,0.1155,1155
383837.18779793644,0.1209,1209
287079.36877419235,0.1345,1345
255823.94629396033,0.1719,1719
341134.41096108616,0.1323,1323
298159.7344760231,0.1322,1322
355826.7578970346,0.1497,1497
238532.1269353688,0.159,1590
238194.986032272,0.1042,1042
260640.08728278207,0.1088,1088
309072.95288727974,0.1381,1381
353861.7142624006,0.18,1800
262893.6240871926,0.1309,1309
230492.03942057045,0.1189,1189
317366.56252853794,0.13,1300
352053.3557840447,0.1285,1285
224890.7383712666,0.135,1350
234157.69608801397,0.1648,1648
206497.50139430104,0.1447,1447
241639.86124438787,0.1362,1362
306261.3950533457,0.1523,1523
327261.78482753166,0.1128,1128
263428.5825884362,0.1338,1338
251259.72050992516,0.138,1380
207645.23463209654,0.134,1340
209858.426321907,0.1331,1331
347227.22704436694,0.1405,1405
186869.1432127885,0.1278,1278
405843.4604264381,0.1259,1259
216126.3482349676,0.1345,1345
237030.71003067747,0.1105,1105
220819.52425190117,0.1648,1648
153156.87505258204,0.118,1180
208881.95053738827,0.1621,1621
402334.54415184923,0.1395,1395
384192.9002505369,0.1306,1306
247230.29617793314,0.1095,1095
311794.0859224814,0.1411,1411
323289.88996398484,0.1091,1091
376095.59743683453,0.0952,952
253883.1998296716,0.1306,1306
468010.6129065742,0.1449,1449
205928.9127699715,0.1236,1236
327790.08050238725,0.1523,1523
329782.45985451795,0.1072,1072
164255.56394067718,0.1225,1225
343068.99131446914,0.1623,1623
179519.750496873,0.1252,1252
403053.4552633074,0.1376,1376
197179.33545732198,0.1591,1591
320256.74690286414,0.1223,1223
336044.89431923575,0.1643,1643
226001.09599470306,0.1556,1556
218550.44602050574,0.1534,1534
240076.0753142972,0.1473,1473
264831.8093817923,0.1141,1141
455383.3362319583,0.1306,1306
241922.73678235227,0.1429,1429
272471.7696915725,0.1211,1211
215467.94653418686,0.1155,1155
218427.4964594772,0.1494,1494
270614.5813174892,0.1208,1208
190475.61893281885,0.1288,1288
450192.68229775946,0.1416,1416
268008.3451974395,0.1128,1128
175166.0255093837,0.1805,1805
195193.98502492218,0.1402,1402
322744.1479178435,0.1264,1264
255597.7032264947,0.1305,1305
221635.12140038513,0.1477,1477
236439.79129128766,0.1426,1426
376067.44822931546,0.151,1510
296242.2413299418,0.1469,1469
210548.46483665792,0.1381,1381
316624.96564112144,0.1328,1328
258390.5713301022,0.1336,1336
172968.84385608046,0.1138,1138
232496.52735638397,0.1555,1555
197340.22629013812,0.1194,1194
322235.85952107626,0.1467,1467
287249.32256414037,0.1307,1307
352492.62375828426,0.1252,1252
237035.94757522855,0.144,1440
262203.45554171025,0.1282,1282
382487.0350457216,0.1349,1349
322773.6161570795,0.1259,1259
389403.9308593013,0.127,1270
341472.070754932,0.1365,1365
253605.2301078046,0.13,1300
245905.29349489542,0.1255,1255
302486.102167195,0.1375,1375
393127.14057074604,0.1402,1402
455187.35536966333,0.1446,1446
233767.13599341386,0.1206,1206
285922.9664335516,0.1384,1384
291635.2520720947,0.1241,1241
158921.86481384528,0.1463,1463
339523.66447601694,0.1154,1154
279660.03760347894,0.1479,1479
271800.5225813316,0.1339,1339
320648.8912235423,0.147,1470
332160.2806897989,0.1476,1476
155883.23759677287,0.1335,1335
287965.28590281686,0.1681,1681
416364.4415178985,0.1525,1525
295366.2371186725,0.1416,1416
277506.0305932211,0.117,1170
316620.5698205576,0.1104,1104
280729.3990739249,0.1583,1583
189213.27869950072,0.1435,1435
232606.40783454306,0.1375,1375
247732.9546255703,0.1136,1136
286100.59637201123,0.1587,1587
333739.15751238656,0.15,1500
312669.6331570994,0.1431,1431
477587.8956870063,0.1107,1107
409182.8566777392,0.16,1600
338243.28662710526,0.1696,1696
189668.6187027904,0.1544,1544
259721.51386872848,0.1215,1215
443265.1558401414,0.1516,1516
263737.705636312,0.1721,1721
290586.32099605264,0.0862,862
292827.4727977878,0.1404,1404
343019.6602003991,0.1322,1322
298446.2121343445,0.1235,1235
339773.1929352014,0.1465,1465
226380.95734884476,0.143,1430
316563.37950730626,0.136,1360
387298.2099375238,0.1494,1494
349112.3084435182,0.1684,1684
174107.577079143,0.1466,1466
250111.40097243397,0.1438,1438
270324.6117961266,0.1504,1504
208025.59812509254,0.1564,1564
462347.44627817674,0.1566,1566
443455.5367682716,0.1572,1572
286255.6515630792,0.1333,1333
246979.9475598738,0.1311,1311
299671.60176807776,0.1422,1422
279994.7312695079,0.1735,1735
217392.95942416188,0.1637,1637
461172.14307314705,0.1555,1555
261504.0452738724,0.1346,1346
214887.44599566152,0.1148,1148
319837.3481263692,0.1533,1533
210082.08011568425,0.1103,1103
450308.47864131053,0.1371,1371
265209.9522650349,0.1569,1569
230417.2622060804,0.1423,1423
264557.61920785584,0.126,1260
320236.10509980185,0.1667,1667
224191.87434826794,0.1474,1474
232516.7565397783,0.1344,1344
302332.4862202143,0.148,1480
199206.62573097684,0.1484,1484
393574.4865996301,0.1213,1213
324977.0854906913,0.133,1330
301331.0618387449,0.1546,1546
265745.018567334,0.1722,1722
341178.60999335407,0.1611,1611
174690.98287112627,0.1456,1456
294162.42135980725,0.1533,1533
323857.69921707886,0.168,1680
269294.89017052285,0.1223,1223
247978.90153743883,0.1184,1184
177893.41667052003,0.0995,995
242885.96614421575,0.1376,1376
194760.67641292966,0.1478,1478
179175.74995130106,0.1488,1488
285330.26655517437,0.1536,1536
265768.183554778,0.1357,1357
489362.59717569617,0.1093,1093
226678.93694777158,0.1471,1471
280868.15485493233,0.1292,1292
353365.07656289544,0.1317,1317
402995.4729513246,0.1336,1336
286390.542140345,0.1346,1346
273558.01635169936,0.1462,1462
283510.3482948134,0.1098,1098
405759.4938892112,0.143,1430
371346.92722141586,0.1381,1381
296364.5461359932,0.118,1180
190433.59148417172,0.1664,1664
230783.07509426173,0.1451,1451
199605.50851208367,0.1165,1165
274680.32378386473,0.1354,1354
262080.35729041923,0.1557,1557
217765.94407423586,0.1325,1325
236651.15214680866,0.1176,1176
356728.32661776716,0.1497,1497
308899.33720895665,0.1352,1352
202223.02442947822,0.1227,1227
349380.8591883127,0.1504,1504
329294.4686190206,0.1381,1381
231840.80494982554,0.098,980
331029.28051457094,0.1377,1377
191030.2376876601,0.1526,1526
308331.2166784036,0.1648,1648
218227.6962357772,0.1382,1382
280690.73670529044,0.1493,1493
327486.5606499279,0.1439,1439
302863.33049984724,0.1368,1368
420091.2575484752,0.1608,1608
325570.4986493216,0.1379,1379
332789.22039211006,0.1424,1424
435294.12377519347,0.1438,1438
275707.7054259277,0.1423,1423
286308.3632092751,0.1417,1417
142634.27674343524,0.1521,1521
205744.8017192728,0.1461,1461
280281.5894653877,0.1319,1319
204267.02754147787,0.1447,1447
349577.91604742606,0.1365,1365
217650.96062553333,0.1489,1489
162017.6030919224,0.1409,1409
325188.0748213068,0.1479,1479
342191.1373900426,0.1654,1654
480969.76938293397,0.1648,1648
232094.45539175003,0.1196,1196
266343.4095860669,0.1274,1274
211543.07411854388,0.1708,1708
221896.833356001,0.1355,1355
205890.59375537353,0.1374,1374
197340.7177530446,0.1571,1571
398602.16048745636,0.1679,1679
269986.18909555837,0.1602,1602
235990.4837185467,0.1396,1396
205991.890144875,0.135,1350
349349.0933696086,0.1441,1441
266933.8887899757,0.1265,1265
266960.6311142764,0.1446,1446
349152.4298932962,0.1214,1214
305062.53382773284,0.1382,1382
204660.64782507962,0.1581,1581
213831.87005079637,0.1235,1235
286018.3599311458,0.1448,1448
340648.5696265083,0.1273,1273
300478.28727444395,0.1467,1467
281717.4393864503,0.1608,1608
375387.102437904,0.136,1360
401325.4282718995,0.129,1290
292136.4619795659,0.1598,1598
236292.1143309914,0.1278,1278
186198.91891266196,0.136,1360
259318.10617930023,0.1414,1414
195857.10372236394,0.1654,1654
257587.02858160128,0.1328,1328
295421.6016170452,0.117,1170
210024.1958795757,0.1463,1463
228607.32506914457,0.1655,1655
245436.58197970522,0.1447,1447
164703.84913738415,0.1357,1357
227703.25277403643,0.1327,1327
345956.99023013806,0.1283,1283
219952.0136072904,0.1339,1339
247748.25365482966,0.144,1440
233555.03771461602,0.1285,1285
309534.3072062107,0.1509,1509
225076.75169912344,0.1526,1526
395307.7179881216,0.1253,1253
255143.92318839786,0.1207,1207
325879.3909122226,0.1337,1337
285902.0596438991,0.1305,1305
202605.17110199982,0.1463,1463
251725.75535714053,0.1579,1579
315262.5743052505,0.111,1110
280634.4359092357,0.128,1280
212035.39747606387,0.1405,1405
320895.36168570735,0.1205,1205
338809.6893336054,0.1359,1359
252933.0640534364,0.1429,1429
227060.43265211137,0.1127,1127
421412.6159052469,0.1389,1389
380438.5331128661,0.1591,1591
163054.4540440954,0.1338,1338
284586.0527439965,0.1428,1428
349112.1708435393,0.1194,1194
254598.36615281075,0.1205,1205
319051.13950597576,0.1171,1171
252274.2652711953,0.1292,1292
257175.6376595358,0.1308,1308
227069.19604293694,0.158,1580
277550.31200930657,0.1256,1256
253796.26474654078,0.1414,1414
255378.91355748873,0.1197,1197
472133.429050472,0.1539,1539
277703.4143980734,0.1306,1306
178047.6258639425,0.1295,1295
244508.80396186994,0.1078,1078
205606.95061863904,0.1039,1039
212560.64387313128,0.148,1480
408293.39506467426,0.1341,1341
244936.57712868616,0.1353,1353
272864.3533468152,0.1532,1532
205424.18138524503,0.1263,1263
291071.43059059395,0.1073,1073
286529.63204740104,0.1493,1493
251216.74731916244,0.1277,1277
209009.4161879622,0.1299,1299
220465.21587173868,0.134,1340
298062.86598816264,0.1191,1191
258984.22591913486,0.1234,1234
225542.97606828078,0.152,1520
337157.2766596641,0.1562,1562
272250.8195204469,0.1606,1606
304865.37464586,0.134,1340
297630.8996878588,0.1302,1302
218702.5004125614,0.1467,1467
164737.04444502713,0.1357,1357
231843.598648535,0.1598,1598
200689.63157513915,0.1543,1543
258487.72901188693,0.1043,1043
225368.9487793959,0.1203,1203
209364.43238529772,0.1601,1601
271241.49932022626,0.1315,1315
420741.8153164161,0.1307,1307
336861.790671509,0.1578,1578
205057.30032432184,0.1636,1636
442861.7356664299,0.1458,1458
303226.8947494513,0.1238,1238
234147.5936419772,0.1301,1301
310159.26179035986,0.1451,1451
273336.3228635932,0.1174,1174
181585.50639422215,0.1326,1326
311170.832402278,0.1023,1023
311303.870938691,0.1688,1688
227731.51257681774,0.1216,1216
207730.3818839252,0.1216,1216
270477.93812804425,0.1642,1642
242810.83217672372,0.1512,1512
311567.85953502473,0.1542,1542
282127.06637685973,0.1216,1216
320697.83718655526,0.1105,1105
273693.41596473346,0.1354,1354
165734.37263594283,0.1634,1634
253118.56171876186,0.1486,1486
347617.46438957483,0.1405,1405
218641.80924855807,0.1561,1561
229918.15099651847,0.1476,1476
321313.1326193901,0.1258,1258
159244.5565982916,0.1342,1342
179063.00377198402,0.1062,1062
201426.83349452476,0.1374,1374
274705.73479617474,0.13,1300
453417.3903650395,0.1503,1503
244568.37390578093,0.1488,1488
196470.98089379683,0.119,1190
446654.87893408904,0.1589,1589
241059.70513290324,0.1367,1367
196922.67418530464,0.1413,1413
229370.372958942,0.1533,1533
278042.22093329416,0.1281,1281
252720.09573475816,0.1241,1241
294506.0980970791,0.1546,1546
248829.59089883068,0.1387,1387
277620.112226802,0.1421,1421
253135.57235797672,0.1323,1323
193948.3344278151,0.1207,1207
158941.99186359465,0.1301,1301
272649.5672747344,0.1361,1361
220892.2212623216,0.1309,1309
426003.03008183616,0.1229,1229
192894.0750397878,0.1294,1294
251652.56532880542,0.1481,1481
161949.64182749626,0.1419,1419
385927.7650478179,0.1691,1691
240347.37392538422,0.1306,1306
314171.1373419881,0.1346,1346
309484.4693925288,0.1404,1404
252671.01407306577,0.1306,1306
248840.57321491887,0.1434,1434
292174.2672489656,0.1405,1405
240546.18774265464,0.1275,1275
388016.4267143298,0.1335,1335
197737.16394828737,0.1215,1215
260031.45105906617,0.0985,985
383135.53018464375,0.1419,1419
251356.40077231723,0.1295,1295
235071.00844189458,0.154,1540
274566.75940309954,0.1484,1484
148891.37715371445,0.1415,1415
231709.83613530546,0.152,1520
292967.39216193045,0.1203,1203
220271.4450792255,0.1223,1223
306827.8793254802,0.1253,1253
253846.4846368488,0.1427,1427
417670.62814640754,0.1653,1653
219192.41436833987,0.1217,1217
183745.64056443752,0.1455,1455
201717.55395592158,0.1428,1428
243867.697514979,0.1452,1452
363561.5329124965,0.1597,1597
209754.81236017004,0.1571,1571
302608.48635674897,0.153,1530
207178.92867064403,0.1572,1572
335839.665562242,0.1186,1186
305189.35232102085,0.1289,1289
246184.09298842202,0.1541,1541
332740.14704301144,0.1395,1395
384926.8483359838,0.1501,1501
458940.26175691537,0.1338,1338
180062.76502425357,0.1436,1436
255028.47784581943,0.1851,1851
175817.14935356897,0.1367,1367
292277.91513448063,0.1508,1508
324958.2538148843,0.1588,1588
454672.2474689978,0.1583,1583
189287.0847993667,0.154,1540
232940.1834351138,0.1144,1144
273813.22400977317,0.1615,1615
221271.07176271887,0.1692,1692
237835.15933965708,0.1658,1658
200705.98386823,0.1475,1475
184834.73296233048,0.1565,1565
206959.5402198593,0.164,1640
241287.64217645503,0.1169,1169
257907.26048185804,0.1421,1421
268668.6755539574,0.1773,1773
250544.33167371745,0.153,1530
300712.35393661755,0.169,1690
279885.1839109982,0.1523,1523
452568.7151963603,0.1108,1108
257723.25884791027,0.1449,1449
207078.7075058388,0.1342,1342
337547.7212101437,0.119,1190
300143.77018635004,0.1681,1681
233244.45050821998,0.1308,1308
168281.61924296003,0.1447,1447
337934.5643809449,0.1738,1738
270398.151797511,0.1221,1221
272075.893301497,0.1372,1372
342441.1522163805,0.1407,1407
172834.9394903828,0.1296,1296
286469.9238845407,0.125,1250
421102.5754100648,0.1256,1256
280620.3389273461,0.1432,1432
270397.7389961964,0.1731,1731
304351.2524685437,0.1275,1275
271174.61966001836,0.1462,1462
336387.633326611,0.1422,1422
204561.8320339549,0.1234,1234
211364.31348890715,0.1294,1294
280156.6761194145,0.1425,1425
194531.61691574845,0.1455,1455
369311.5052700996,0.1586,1586
425569.1434849385,0.1485,1485
395323.11031086126,0.1323,1323
251888.13173404307,0.1401,1401
271327.7611295797,0.1387,1387
205602.4744802494,0.1263,1263
470876.9753624454,0.1601,1601
352668.02184013743,0.1599,1599
445347.8147849413,0.1453,1453
187782.6356425732,0.1297,1297
202585.58939524845,0.1267,1267
195816.10188388426,0.1487,1487
290436.58137827355,0.1109,1109
308236.59412191313,0.1512,1512
246259.18248111024,0.1711,1711
253713.08719039432,0.1547,1547
420417.6830353412,0.1807,1807
325368.528237398,0.103,1030
164295.4949692798,0.1492,1492
206762.92971312578,0.1201,1201
403172.77991792455,0.13,1300
196196.66236764804,0.1393,1393
359228.57953720674,0.1411,1411
261228.36071332573,0.1145,1145
284792.59979299165,0.1253,1253
186263.5805670634,0.1511,1511
312683.5408837893,0.1176,1176
242094.85041961138,0.1391,1391
310996.86597757635,0.1506,1506
294037.6786637129,0.1501,1501
452917.3201830548,0.119,1190
230781.1430854927,0.1227,1227
267976.35137210327,0.13,1300
209589.80494637528,0.1479,1479
326321.13271273574,0.0956,956
213389.8817128252,0.1171,1171
191785.1645195807,0.1101,1101
296681.67122917867,0.1719,1719
246090.10775622103,0.1255,1255
278499.0544838941,0.1729,1729
197740.89467699887,0.1692,1692
278353.28011200315,0.1425,1425
316906.3473019189,0.1321,1321
222625.24059187275,0.1473,1473
446444.44548968895,0.1492,1492
211884.54401611755,0.14,1400
250325.92278118763,0.1734,1734
171355.5708706477,0.1469,1469
351102.3861233385,0.1793,1793
272024.31967816345,0.1307,1307
301297.0730161542,0.1316,1316
315712.49045613536,0.1439,1439
376232.1191320455,0.1458,1458
351315.7769565969,0.1476,1476
205750.24313300598,0.1484,1484
321159.688036857,0.1486,1486
288083.5349429268,0.1436,1436
309645.24725835246,0.125,1250
307875.15427661897,0.1423,1423
307520.17127196037,0.1074,1074
322046.4654688841,0.1289,1289
372663.9913544161,0.1471,1471
283129.19064356474,0.1465,1465
385028.43318642647,0.133,1330
382501.36105282005,0.1373,1373
225969.62197060967,0.1554,1554
323818.8834765987,0.1575,1575
296611.35518048005,0.1363,1363
186304.85849236057,0.1358,1358
247283.93162294992,0.1447,1447
266862.47793986625,0.1373,1373
162643.9158582584,0.1243,1243
346259.5671321432,0.147,1470
188455.29625874144,0.1473,1473
361183.3303733091,0.1514,1514
191908.03985087876,0.1424,1424
181731.94499945975,0.1464,1464
344045.445834265,0.1454,1454
245258.24769469717,0.1404,1404
299559.60957695945,0.1228,1228
305431.67338900483,0.1227,1227
225185.3832823809,0.1315,1315
258837.63398309879,0.141,1410
254452.49352958344,0.1255,1255
316664.20466488483,0.138,1380
244039.75555605203,0.1535,1535
325854.43017608725,0.1458,1458
296193.64384906495,0.1278,1278
390351.27015300916,0.0981,981
409701.7358252091,0.1249,1249
470115.78428077843,0.1633,1633
229237.61215470327,0.1366,1366
254478.1658462992,0.1442,1442
130294.77307939884,0.1338,1338
329600.94369982777,0.1427,1427
270554.479164957,0.1121,1121
210977.63285249486,0.1341,1341
231476.3719816793,0.1387,1387
320919.858440605,0.1482,1482
378913.99648693897,0.1297,1297
338425.76917625894,0.1381,1381
253421.66113895393,0.1694,1694
302817.1906481421,0.1387,1387
396248.1658259757,0.1069,1069
223387.74530136594,0.1274,1274
420023.92946479074,0.1337,1337
333375.91047206376,0.1781,1781
347452.5880989711,0.1456,1456
261014.492168058,0.1176,1176
276809.2113272207,0.1276,1276
252999.8947677436,0.1542,1542
361027.67953535786,0.1393,1393
215585.05696583903,0.1556,1556
316968.36843041424,0.1444,1444
260545.83631874147,0.135,1350
228099.9277145448,0.1789,1789
341219.1723068281,0.1033,1033
194500.18189644616,0.1194,1194
272623.47816671134,0.1202,1202
345103.18111282773,0.1379,1379
311212.1894852434,0.1305,1305
310311.550246236,0.1501,1501
227061.47229697072,0.1267,1267
177588.2100228709,0.1119,1119
194771.81881441627,0.1272,1272
143506.6469192077,0.1316,1316
234413.6602365474,0.1156,1156
239608.80268454345,0.1528,1528
380632.9322813664,0.1357,1357
353788.8662972567,0.1241,1241
223003.02532029903,0.1133,1133
210424.853419657,0.1308,1308
335296.10351332475,0.1408,1408
293006.49281683436,0.1109,1109
265122.95572048344,0.1184,1184
273412.5128899666,0.1321,1321
347187.2874328935,0.1438,1438
172324.17967920032,0.1404,1404
306541.2290048811,0.1517,1517
466082.02299305063,0.1428,1428
237647.7670298583,0.1379,1379
219082.836777484,0.1395,1395
283225.1481542252,0.1536,1536
179882.68224127122,0.1136,1136
296302.87220341084,0.1042,1042
158780.08906388894,0.1142,1142
346435.44064981176,0.1322,1322
347594.29766875505,0.1669,1669
221725.18221763807,0.1559,1559
258203.42199142554,0.1313,1313
259210.6132099122,0.1574,1574
300242.86453854456,0.1464,1464
327520.75668216456,0.1356,1356
198509.22759588997,0.1336,1336
323330.47834467934,0.1262,1262
198347.20848315646,0.1772,1772
244513.47687863227,0.1345,1345
432553.26957962377,0.134,1340
221927.44126059022,0.1435,1435
332484.3817465904,0.1451,1451
287069.7721746379,0.1646,1646
184131.65729215875,0.1109,1109
196499.08321558367,0.1218,1218
309948.85830112273,0.1193,1193
256408.20982657035,0.1294,1294
248168.26537595107,0.1423,1423
231392.87420666625,0.133,1330
209218.55863699067,0.0929,929
350042.6133162632,0.1155,1155
290301.57399471087,0.1233,1233
344505.3700061366,0.1299,1299
331277.3902002174,0.1391,1391
437828.6195016596,0.1238,1238
211987.9100826005,0.1606,1606
488343.2120219315,0.1667,1667
175514.53593093329,0.1463,1463
461078.7044468805,0.1256,1256
248637.65616730865,0.1328,1328
271332.85895245796,0.1302,1302
277763.68601289537,0.1716,1716
206026.4640032657,0.1253,1253
452775.7284381833,0.1259,1259
208315.5733921943,0.1335,1335
207233.48113117326,0.1524,1524
237198.90604165496,0.0967,967
402490.35707155126,0.1315,1315
336754.6357877973,0.1488,1488
294234.3447984987,0.1221,1221
330972.8925778648,0.1386,1386
228282.73689907874,0.1104,1104
268596.743071754,0.1436,1436
213867.52917916005,0.1431,1431
404448.30285509763,0.1231,1231
232499.23722587858,0.1539,1539
404254.887047027,0.1587,1587
251818.91172183177,0.1675,1675
240216.901597625,0.1316,1316
214008.60430850546,0.1332,1332
259899.66127200262,0.129,1290
314500.852418433,0.1014,1014
270659.5994710016,0.1617,1617
411385.77516029304,0.1257,1257
307282.3508431066,0.1592,1592
222523.1162464221,0.1257,1257
192355.30919259417,0.1313,1313
287627.4697016507,0.143,1430
284972.823465282,0.1485,1485
218387.58369518333,0.1588,1588
320350.9369078071,0.146,1460
246929.92964738686,0.1534,1534
251885.07035553423,0.1149,1149
334007.68776162184,0.1418,1418
162925.30327918328,0.1636,1636
312955.47431219224,0.166,1660
206092.859898394,0.1151,1151
330330.59586015553,0.1561,1561
177304.34533926868,0.1686,1686
451138.35254823574,0.1696,1696
224399.63291148824,0.1193,1193
326342.6717443101,0.0996,996
225513.5881830163,0.1435,1435
246753.87462428,0.1446,1446
303990.8635480572,0.148,1480
214155.14589042627,0.1656,1656
226007.1474513196,0.1642,1642
368381.99960070645,0.1529,1529
230990.40032286642,0.1056,1056
298387.55265539343,0.1493,1493
367380.90952417493,0.1133,1133
274355.86635556084,0.1586,1586
198159.02569568474,0.1227,1227
379808.2441005318,0.1199,1199
245204.10371671812,0.1458,1458
398915.62304946186,0.1646,1646
294315.9679833312,0.1416,1416
247864.41000426616,0.1137,1137
284282.27904700965,0.1351,1351
338731.25901637715,0.1331,1331
207579.95318917916,0.1399,1399
264190.8233516322,0.1513,1513
389643.1651906437,0.1122,1122
238328.51094345504,0.1747,1747
230923.54195155774,0.124,1240
329200.74242585705,0.1676,1676
250980.23313597267,0.1263,1263
269935.03331122437,0.1543,1543
313443.07632192137,0.1677,1677
284338.25515341415,0.1287,1287
206264.5202173189,0.1469,1469
325013.2057238922,0.1388,1388
306193.03587947856,0.1277,1277
369331.60231860226,0.1555,1555
261921.17405947298,0.1315,1315
396317.50794070575,0.1522,1522
262409.45676266745,0.1515,1515
209983.79445650338,0.1129,1129
229725.53476260102,0.1291,1291
191113.44509389193,0.1599,1599
288954.00457353226,0.1338,1338
284651.6191531842,0.1353,1353
290969.1214976171,0.1725,1725
388099.0453635521,0.134,1340
393421.902343982,0.1449,1449
273243.9796063369,0.1325,1325
278010.6232176016,0.1412,1412
253679.6461069046,0.1525,1525
292423.75587618194,0.13,1300
272703.9084438638,0.1308,1308
346072.36274346826,0.1214,1214
361478.53120396804,0.1359,1359
236239.05203067552,0.1489,1489
269167.5958816107,0.137,1370
343004.33272137144,0.1372,1372
336447.91777525947,0.1506,1506
339427.9167056982,0.1698,1698
250442.01714190457,0.1661,1661
335758.13386113185,0.1556,1556
375156.3028201273,0.1652,1652
277293.92022536,0.1327,1327
275929.2898432375,0.1121,1121
301362.35167960613,0.1435,1435
266451.9906337233,0.1503,1503
225471.53883011997,0.1252,1252
213633.3559553247,0.1054,1054
349244.6006155305,0.1227,1227
223731.28899419043,0.1539,1539
306105.87651669426,0.1291,1291
283501.66647503787,0.1378,1378
242150.901385655,0.1385,1385
197831.071552902,0.1297,1297
381494.26593650255,0.1096,1096
205464.35276525476,0.1249,1249
225882.78952930545,0.1082,1082
318892.4601029824,0.1478,1478
228769.2548835918,0.1325,1325
347373.7493075905,0.1442,1442
337362.5347640176,0.1065,1065
264769.4472366721,0.1378,1378
195644.58842356448,0.1821,1821
262433.799668748,0.1257,1257
227176.06519692976,0.1481,1481
335732.5565861125,0.1533,1533
346824.555920202,0.1651,1651
383731.0636013559,0.1373,1373
231093.64929814238,0.1395,1395
348151.80700549786,0.1246,1246
450422.3217618789,0.1646,1646
200016.72443211975,0.1489,1489
208573.65164436435,0.1242,1242
304568.98736146925,0.0981,981
293979.8976301468,0.1258,1258
377782.2908125808,0.1231,1231
351111.8119915913,0.1284,1284
291016.4549783619,0.1387,1387
240039.35855189408,0.15,1500
171414.2812843558,0.1236,1236
287318.71501635015,0.1431,1431
404216.70845539955,0.125,1250
305236.6048741734,0.1497,1497
463377.22344327613,0.1257,1257
391244.93029004586,0.1379,1379
296186.5767586218,0.1319,1319
276513.6224630753,0.1306,1306
186505.20247084045,0.1537,1537
235223.82607312204,0.1419,1419
233940.31008118487,0.1709,1709
274361.20044341066,0.1448,1448
315202.01218490815,0.1599,1599
183578.13766523474,0.1403,1403
317968.36289983767,0.116,1160
248699.01184146476,0.1376,1376
138382.95965457664,0.1259,1259
179131.96163132013,0.116,1160
349689.8367815156,0.131,1310
268330.74051399896,0.1389,1389
158726.803983709,0.1549,1549
217344.95789839682,0.1255,1255
219164.67108059584,0.145,1450
160497.33738146437,0.1336,1336
146618.73905697302,0.1019,1019
405182.0466702937,0.1718,1718
331712.3687004215,0.14,1400
233095.3942907796,0.1305,1305
354792.0907796892,0.1326,1326
167332.73425085843,0.1198,1198
165872.0147446602,0.1643,1643
351939.96176884294,0.1442,1442
204649.01154419032,0.1451,1451
245946.5904461797,0.1665,1665
238353.03775324833,0.14,1400
290980.1375843061,0.1007,1007
254717.62293091044,0.1467,1467
194832.12762339305,0.139,1390
205126.62500125685,0.1374,1374
270420.2300208415,0.1365,1365
187793.00155830308,0.1475,1475
325967.1904381854,0.1289,1289
327878.1988264107,0.1206,1206
287734.6176172898,0.144,1440
226454.95231623092,0.1503,1503
458620.4152989773,0.1254,1254
309745.2722936921,0.1352,1352
174252.9347518827,0.135,1350
178640.45355500295,0.1315,1315
213879.7544033726,0.1573,1573
144368.06462988709,0.1412,1412
240702.50149820175,0.1064,1064
167706.74323229358,0.14,1400
228554.0309539606,0.1342,1342
313374.05322390393,0.1435,1435
196228.26111522457,0.1778,1778
326775.77371936,0.1655,1655
359946.0985766064,0.135,1350
265999.8096349043,0.1231,1231
211670.39669006396,0.1422,1422
184778.31286765894,0.1469,1469
430381.5986321979,0.1567,1567
266585.0281348071,0.1479,1479
192603.96732245095,0.1667,1667
362245.26116529264,0.1367,1367
176548.3084887453,0.132,1320
166886.39443324128,0.1507,1507
260972.03408294052,0.0945,945
184349.70871981792,0.1267,1267
220143.9013979873,0.1236,1236
258338.0607796026,0.1372,1372
219021.4317543952,0.1531,1531
298946.5614463465,0.1393,1393
370428.8029885554,0.1599,1599
236726.07908090056,0.1455,1455
352884.97969653335,0.1614,1614
221254.34643809538,0.1402,1402
348068.0671590222,0.1248,1248
428521.17086928186,0.1392,1392
269444.206780683,0.136,1360
129574.10576303599,0.1557,1557
384876.836223507,0.1492,1492
326698.6702788109,0.1459,1459
239611.59624464737,0.119,1190
367998.02880470426,0.1582,1582
430141.74570694176,0.1321,1321
421097.7139008777,0.1217,1217
180496.91631507466,0.1518,1518
270200.7681745338,0.1478,1478
176559.30096780523,0.1447,1447
344511.3531200837,0.162,1620
289692.85779390915,0.1431,1431
196352.39152531658,0.1204,1204
261496.60227545837,0.1639,1639
200878.70726373396,0.1317,1317
312203.7359766052,0.1371,1371
315106.4112087384,0.115,1150
224200.44137348872,0.1638,1638
224251.85810988134,0.1365,1365
218208.25542937996,0.1157,1157
258632.40910786853,0.1505,1505
344864.4594183067,0.1384,1384
293913.2388721938,0.1365,1365
274503.81426998216,0.1445,1445
273542.6825212501,0.1407,1407
197806.74590154304,0.1366,1366
167023.75741797668,0.1334,1334
166212.93750038362,0.143,1430
307622.8733839864,0.1358,1358
232704.04664041207,0.1337,1337
217784.75952146872,0.1321,1321
378098.6996317717,0.1207,1207
199812.7357200789,0.1184,1184
207153.43039203103,0.1635,1635
266806.53085293534,0.1068,1068
195153.81514582378,0.1125,1125
287731.6757819557,0.1621,1621
340028.1161204515,0.153,1530
337819.02431413607,0.1107,1107
197909.5976239764,0.1376,1376
193636.18956089625,0.1226,1226
314132.8997100706,0.1654,1654
266079.83001762116,0.1235,1235
283914.84829823225,0.1494,1494
308681.5608353803,0.1457,1457
270255.94014881225,0.1204,1204
241949.10659372972,0.1675,1675
344909.73750458524,0.1375,1375
290017.1624506778,0.1275,1275
242144.50731782353,0.1673,1673
245932.63263993818,0.1413,1413
294001.06862060603,0.1432,1432
451711.6662085548,0.1544,1544
416386.2877660084,0.1292,1292
257786.71628230554,0.1417,1417
224906.35664924825,0.1622,1622
208057.2515567146,0.1405,1405
256366.34018795553,0.149,1490
257858.50524375722,0.1194,1194
203568.22711930034,0.1286,1286
204373.62318538447,0.1497,1497
165762.999224551,0.1422,1422
345393.1287275543,0.1378,1378
224037.33285949336,0.1528,1528
278578.1068571926,0.1288,1288
293012.4016096192,0.152,1520
423160.8983378577,0.1765,1765
241483.44470008902,0.1487,1487
223981.0290516353,0.1498,1498
347089.6445452407,0.151,1510
280518.2717865339,0.1717,1717
373341.0761314793,0.1408,1408
348456.68607672077,0.146,1460
273111.0332365221,0.1636,1636
210686.72916170867,0.1508,1508
288221.25312741235,0.1187,1187
278070.58528329484,0.1491,1491
285883.2477763924,0.1193,1193
218251.0432360695,0.1345,1345
272251.8854372184,0.1357,1357
206463.51914164762,0.1313,1313
307005.3485084032,0.1082,1082
288510.09118624846,0.1228,1228
314138.63163012447,0.1484,1484
158075.11812853883,0.1441,1441
240873.29381128566,0.1361,1361
217434.56827402615,0.1452,1452
189751.66043566927,0.1385,1385
335463.53420485737,0.1186,1186
173376.4534037779,0.1449,1449
308211.3511214365,0.1664,1664
207542.3832423779,0.1363,1363
322988.2304515204,0.1566,1566
229117.19636168436,0.1362,1362
259248.1151879473,0.1178,1178
290646.03092366783,0.1486,1486
234554.56229885897,0.1092,1092
292490.2907194021,0.1632,1632
207411.6086137088,0.142,1420
392480.3584982624,0.123,1230
164890.29147207644,0.1364,1364
253271.61609501313,0.1202,1202
285712.34694723436,0.1118,1118
256032.4448630304,0.1523,1523
270828.8437560189,0.1533,1533
252690.30227504464,0.1398,1398
282708.7255898339,0.1383,1383
253048.8197621185,0.1554,1554
184731.7375316844,0.1139,1139
320044.8972391261,0.1545,1545
171657.8405479744,0.1501,1501
304854.6821651555,0.1311,1311
328808.7949827757,0.1241,1241
212597.75956047798,0.1181,1181
417367.7074499731,0.1525,1525
268022.13652051566,0.1597,1597
270617.4864471216,0.1239,1239
419853.5361226765,0.134,1340
233890.65656614077,0.1587,1587
270632.1183278331,0.1596,1596
196829.23188158078,0.1225,1225
248924.13842578614,0.1442,1442
304269.6737896385,0.1519,1519
257277.73178793493,0.1236,1236
261366.39066117207,0.1473,1473
223256.06568402148,0.1162,1162
450734.21097634174,0.1266,1266
486059.54681744234,0.1535,1535
489395.19184610626,0.1329,1329
236870.3587857523,0.1345,1345
230822.01204731403,0.1234,1234
284065.47073720087,0.1498,1498
351397.67073134065,0.1628,1628
301076.2513687198,0.1564,1564
333450.5214196563,0.1619,1619
164912.75719462728,0.1556,1556
376752.3851983858,0.1468,1468
194130.79557519034,0.1309,1309
312809.9379229124,0.1386,1386
231673.15383353984,0.1542,1542
168348.64408811185,0.126,1260
369968.29296505474,0.1205,1205
321264.16756506363,0.1375,1375
257660.77074265937,0.1155,1155
333206.12463631056,0.1363,1363
366799.83955782495,0.1626,1626
194937.84782817378,0.1804,1804
219447.49619611527,0.1285,1285
212210.70735643076,0.0996,996
242849.0849730137,0.1329,1329
199070.23819867065,0.1304,1304
218248.77118667902,0.1302,1302
350463.16415011545,0.1367,1367
312829.1579745941,0.1257,1257
232700.8868658689,0.1407,1407
409931.45710006537,0.1542,1542
243598.3351036411,0.161,1610
308537.6610125344,0.134,1340
280725.01177548245,0.1299,1299
212077.37994027272,0.1472,1472
309784.69825196895,0.1455,1455
296846.36964050634,0.1096,1096
216587.4044303429,0.1493,1493
242762.5781638861,0.1484,1484
461994.69335894677,0.1534,1534
235828.75126278398,0.1585,1585
178431.20083739972,0.1331,1331
151439.28474552298,0.142,1420
270810.8447122777,0.119,1190
310916.82974600955,0.1534,1534
313186.26756876113,0.1228,1228
230071.70344800447,0.1317,1317
229772.86244815422,0.1346,1346
196395.71736026608,0.1425,1425
234182.37547977574,0.1194,1194
358395.38033280295,0.1146,1146
286875.72469673416,0.1399,1399
233883.84174423214,0.1494,1494
397022.28153390245,0.1178,1178
364448.7772044647,0.1259,1259
372910.59878741927,0.165,1650
335136.58195761614,0.1385,1385
223997.2220042354,0.1597,1597
218755.9102711832,0.1091,1091
178427.43622321732,0.1056,1056
216549.88680965113,0.1477,1477
318909.57825996267,0.1412,1412
245463.8278556894,0.1056,1056
311814.80311161594,0.1265,1265
403603.3843328031,0.1704,1704
341698.7627691324,0.1467,1467
315225.9136978133,0.1406,1406
272489.3715970895,0.1349,1349
325366.93672078144,0.1241,1241
229360.6724275241,0.1313,1313
367678.7671890052,0.1187,1187
304764.59948309953,0.1138,1138
189171.25087884822,0.1379,1379
234064.89374536197,0.1278,1278
228401.2834933182,0.1653,1653
164843.52187533188,0.1377,1377
268901.943443559,0.1197,1197
218953.68832382356,0.1281,1281
182633.03552122295,0.1421,1421
219070.6917510659,0.141,1410
222435.0308226164,0.1673,1673
180400.6170584632,0.1391,1391
347699.54995277786,0.1571,1571
210261.0518261278,0.1428,1428
247344.49343256024,0.1382,1382
328630.3109804683,0.1374,1374
207999.66160511976,0.16,1600
407384.50120574224,0.1211,1211
300686.54444870003,0.1455,1455
237990.05350636272,0.1173,1173
167472.20116142542,0.1704,1704
292897.7508643627,0.125,1250
333225.1821567632,0.1328,1328
207006.88653114816,0.1274,1274
282294.7300211001,0.1048,1048
395183.5333491978,0.1684,1684
329075.108200542,0.1319,1319
281957.46979738417,0.1571,1571
294990.84693732363,0.1423,1423
337700.99223399034,0.16,1600
210651.2105173161,0.1295,1295
286897.5971509851,0.126,1260
346566.6849051543,0.1407,1407
384902.77951180935,0.1224,1224
224310.27246535593,0.1282,1282
363533.10739728884,0.1601,1601
286108.10902296443,0.1558,1558
233681.06246318918,0.1351,1351
354039.2510431367,0.1271,1271
259533.89312284032,0.1297,1297
292575.4063559661,0.1411,1411
362979.39964759315,0.1491,1491
279234.8686847645,0.1333,1333
276437.51210542157,0.1479,1479
241823.2290434147,0.129,1290
231538.36334618574,0.1461,1461
188829.024237794,0.118,1180
213920.49843353656,0.1074,1074
273111.40318030247,0.1511,1511
386365.7195700243,0.1506,1506
260004.28571976515,0.1422,1422
326745.3257052572,0.1449,1449
248501.2567258198,0.138,1380
356560.59436383296,0.1543,1543
288852.2105500817,0.1383,1383
406051.8364158796,0.1709,1709
236659.38543243436,0.1399,1399
337043.02960323496,0.1588,1588
230335.94870248262,0.123,1230
369505.7508107699,0.1647,1647
213005.04961131592,0.1393,1393
295890.27823905135,0.1189,1189
279173.0764499796,0.1289,1289
217849.1723918814,0.1171,1171
171537.01707732322,0.1217,1217
333004.94088824454,0.1266,1266
266896.9997287543,0.0981,981
314431.141135269,0.1597,1597
276895.17399393895,0.1685,1685
406163.39915553195,0.1351,1351
294081.926031033,0.1458,1458
335260.6585538549,0.1488,1488
350176.5445916691,0.1578,1578
376074.73866277596,0.1332,1332
215105.69530547058,0.1584,1584
166530.83926286222,0.1328,1328
255426.53833336753,0.1306,1306
334033.32920951094,0.1364,1364
281845.3270370585,0.1281,1281
215573.0041185699,0.1557,1557
293228.23413876735,0.1572,1572
197678.62225205876,0.1126,1126
197958.0969725301,0.1046,1046
154070.06431493387,0.1259,1259
356242.3638120873,0.1259,1259
271356.48548239056,0.1302,1302
227612.6083054559,0.1141,1141
408710.4423610047,0.1356,1356
287258.99856025045,0.1361,1361
323631.9304903697,0.1458,1458
245252.89840682808,0.136,1360
156338.27698699143,0.1255,1255
195821.18453625042,0.1297,1297
279223.14355194493,0.1199,1199
366761.46605108236,0.1492,1492
450104.6320541338,0.1391,1391
168461.10757388928,0.1647,1647
237950.730731939,0.112,1120
357162.0060808401,0.1413,1413
255251.35527566733,0.1625,1625
249116.66216207016,0.1385,1385
219759.22868541785,0.1618,1618
276542.5990168261,0.0937,937
150889.7774392446,0.1535,1535
348705.51646155963,0.1731,1731
227285.15918447234,0.1635,1635
483971.9132650513,0.1488,1488
389414.371799111,0.1338,1338
277896.2760952484,0.1485,1485
173614.69897796097,0.1205,1205
476920.34739537473,0.1437,1437
470305.68065739144,0.1109,1109
393129.1610608906,0.1305,1305
306285.77203483606,0.1457,1457
280273.59709047305,0.1414,1414
361282.3950119751,0.1532,1532
363380.1912018914,0.1015,1015
351678.1453083752,0.1271,1271
227866.08729983066,0.144,1440
227291.08243110572,0.1409,1409
318494.4919754396,0.1569,1569
242412.9478962523,0.1237,1237
302951.02746651863,0.1399,1399
206895.08230545156,0.1584,1584
244806.65897220146,0.1351,1351
235887.2474549319,0.1396,1396
285128.56518689834,0.1247,1247
215671.4238496482,0.1594,1594
248687.75321206902,0.1534,1534
240154.62369747434,0.1421,1421
236067.9539379082,0.1444,1444
248430.94566752668,0.1336,1336
248038.85375089422,0.1332,1332
165728.08217068994,0.1275,1275
260556.644522192,0.1454,1454
163751.65353460296,0.1386,1386
258900.37506640126,0.1372,1372
276781.2331860359,0.138,1380
181254.35254637976,0.116,1160
293323.67496083234,0.1561,1561
217614.84683529855,0.1354,1354
255374.27253420354,0.1451,1451
280487.3153588618,0.1399,1399
251468.23194920225,0.1313,1313
346847.80560685956,0.1567,1567
374386.52576093195,0.1135,1135
195752.33225248902,0.1405,1405
267330.12676423177,0.1597,1597
266055.16804994614,0.1482,1482
302985.2068050571,0.1769,1769
359326.1079295164,0.1219,1219
230712.5140263023,0.1573,1573
338623.3408900462,0.1529,1529
308051.1425634156,0.1157,1157
178601.48881322859,0.1316,1316
253775.65822525544,0.1087,1087
212277.42740355714,0.1063,1063
235282.35224295192,0.149,1490
255802.61863803057,0.1307,1307
249630.56212106804,0.1288,1288
245857.66350678253,0.144,1440
274267.24902444484,0.1492,1492
377330.05312405666,0.1081,1081
359118.9167196241,0.1147,1147
307423.290674674,0.1454,1454
305386.10698984517,0.1381,1381
287757.6563609083,0.1123,1123
370688.86497127725,0.1308,1308
308626.89045637567,0.1206,1206
243950.67753648237,0.1616,1616
292503.82454718975,0.1307,1307
341094.3846932346,0.1624,1624
232164.71155884626,0.1221,1221
285656.86828873004,0.1196,1196
369676.71472456475,0.0918,918
296403.03635718685,0.1523,1523
169090.19820131504,0.1265,1265
247506.98617658622,0.1215,1215
323954.9011537827,0.1553,1553
341313.6007637901,0.1485,1485
341186.90670974547,0.1441,1441
345751.4650696134,0.125,1250
227504.28220382612,0.1252,1252
371280.33397789614,0.1344,1344
249777.10226703837,0.1102,1102
215304.4371891457,0.1237,1237
314149.8064688371,0.1532,1532
222817.2412310735,0.1294,1294
291130.2460625007,0.1074,1074
300009.71554264263,0.1365,1365
257696.78653275908,0.1476,1476
245438.71372026735,0.1606,1606
294022.25901122246,0.1831,1831
381139.7482350721,0.117,1170
342388.4448011995,0.1489,1489
455306.4959420744,0.1371,1371
294440.3081747719,0.1387,1387
207836.86744361746,0.1492,1492
234840.36299387706,0.1818,1818
229327.68056466765,0.129,1290
261506.78951156492,0.1298,1298
296437.0609528078,0.143,1430
214216.92068134685,0.142,1420
416099.7385709973,0.1224,1224
227286.635975944,0.1591,1591
286097.1647916271,0.1495,1495
242915.17016970355,0.1455,1455
178429.04734742295,0.137,1370
246839.1894503645,0.1074,1074
385725.2752370526,0.1391,1391
303660.5667877002,0.1428,1428
214758.33230080045,0.1228,1228
394361.108668033,0.1879,1879
410586.3078616986,0.1307,1307
281456.5520331036,0.145,1450
245144.2969419664,0.1559,1559
308232.09946231043,0.1173,1173
362889.7719625242,0.1505,1505
303128.9799056675,0.098,980
255869.73272097515,0.1521,1521
217071.86775898785,0.1673,1673
238439.4962198351,0.1633,1633
336306.0360125837,0.1545,1545
204354.73125272742,0.147,1470
280138.47373637086,0.1457,1457
187469.12704651375,0.1402,1402
156973.38105384225,0.1663,1663
210892.61540112807,0.1517,1517
261031.04422711706,0.138,1380
293529.38357886416,0.1482,1482
318824.26651230914,0.1358,1358
370566.6948777906,0.1462,1462
255901.63957526928,0.1377,1377
223537.07347146427,0.1362,1362
228838.7435836723,0.1501,1501
261560.52829133868,0.1461,1461
376694.3872285725,0.1204,1204
368363.17045396165,0.151,1510
470570.0424787754,0.155,1550
406545.5895528429,0.1397,1397
345189.1012663399,0.1366,1366
460066.6887887357,0.1734,1734
203410.84464652484,0.1264,1264
199087.16077114796,0.1606,1606
245935.046786074,0.1409,1409
238495.4552572119,0.1669,1669
337958.1548401972,0.1464,1464
253219.62260232735,0.1366,1366
193494.42946641808,0.1289,1289
204495.70836725412,0.1403,1403
328481.27372116136,0.15,1500
271513.53522338095,0.1284,1284
217175.58947242814,0.1093,1093
190488.65886964955,0.1178,1178
304443.1838142456,0.1509,1509
288414.8187689218,0.1396,1396
288755.0741361338,0.1505,1505
435815.4973623259,0.1215,1215
477725.9270605394,0.1137,1137
363180.1725111805,0.122,1220
281490.80520520726,0.1272,1272
297254.6101151861,0.1191,1191
257433.05668313653,0.1385,1385
237863.27139900747,0.1572,1572
300790.44937470666,0.1345,1345
213284.53545633942,0.159,1590
249216.6477035256,0.123,1230
351188.83585973445,0.1634,1634
262469.0445153448,0.1373,1373
290275.0886883901,0.115,1150
245556.54587515187,0.1393,1393
350692.035447434,0.1435,1435
349783.49552983674,0.1293,1293
277465.9171354342,0.1468,1468
318722.501131749,0.1306,1306
235069.81045269335,0.1237,1237
303739.708979394,0.1312,1312
360062.4229504726,0.1474,1474
401414.8158738902,0.1369,1369
271330.3725641281,0.1362,1362
462336.66524842207,0.1258,1258
311917.85838664405,0.1031,1031
446070.4687794542,0.1574,1574
257892.735159133,0.1161,1161
186927.4745226484,0.1496,1496
213761.51135288816,0.1077,1077
206106.75960880803,0.1459,1459
382957.78166894347,0.1489,1489
228189.49418728764,0.1274,1274
397363.6807488791,0.1462,1462
277112.951857784,0.1128,1128
240024.1663128368,0.1321,1321
301503.2462990977,0.144,1440
172070.3263406799,0.1303,1303
437096.9763681605,0.1532,1532
316075.6747806493,0.1307,1307
193743.0429243244,0.1354,1354
333718.52066622797,0.1592,1592
249860.81362157915,0.1273,1273
288126.1743759702,0.1441,1441
194271.28450716476,0.1543,1543
295762.8383544874,0.1597,1597
379920.9196326835,0.1402,1402
280430.1959550956,0.136,1360
346211.82571472926,0.1218,1218
346340.11653043586,0.1274,1274
380510.11035006243,0.1372,1372
355345.65540342394,0.184,1840
248729.6768499286,0.1188,1188
490328.7633462767,0.1433,1433
252334.88185683775,0.1334,1334
311827.02120050293,0.1714,1714
313790.6323138853,0.1336,1336
282304.09274652565,0.1338,1338
263079.3883601897,0.1593,1593
278456.0435321846,0.155,1550
245958.0496739787,0.1311,1311
223960.5312735999,0.1387,1387
243620.88429915562,0.1704,1704
278889.0287329784,0.1258,1258
304768.2631387828,0.1533,1533
258023.284311663,0.1438,1438
191353.0790338712,0.146,1460
228018.1497431452,0.1329,1329
180649.51031167098,0.1361,1361
275621.09356239036,0.1394,1394
267685.6762490884,0.1477,1477
286492.3251651662,0.1503,1503
148472.63335317606,0.1577,1577
293727.5699539931,0.1239,1239
335429.6598008984,0.1492,1492
257148.95526314297,0.1128,1128
213377.3587180571,0.1553,1553
278752.57231334824,0.1232,1232
284767.36810405715,0.1685,1685
336057.074518746,0.1532,1532
204624.16176607148,0.1522,1522
300252.5852294148,0.1641,1641
243134.88323143355,0.1333,1333
263715.37360598537,0.1634,1634
199571.3009296582,0.1068,1068
292034.91620343126,0.1756,1756
303338.75922705117,0.1612,1612
245854.0595837167,0.1275,1275
226672.40444660615,0.1316,1316
342043.75325678027,0.1264,1264
210027.65218969574,0.1356,1356
375846.70927607204,0.1399,1399
340634.97977531323,0.147,1470
129328.41052130148,0.1291,1291
331071.8313611524,0.1583,1583
182039.375073994,0.1643,1643
305752.6046395421,0.1203,1203
297245.1970210025,0.137,1370
291019.60507162585,0.1338,1338
210985.2787818217,0.1422,1422
356812.61074423284,0.119,1190
283439.80598555255,0.175,1750
312648.0025930644,0.1599,1599
325872.4390737854,0.1324,1324
408703.09079252044,0.182,1820
194952.71436917124,0.1351,1351
367652.53382622695,0.1119,1119
471338.3979533668,0.1236,1236
380138.5483266712,0.1447,1447
247942.64979696608,0.1525,1525
193843.47115275686,0.1717,1717
196800.70891377763,0.139,1390
236430.15915806638,0.1451,1451
340228.91611244885,0.1418,1418
172920.31281697194,0.1417,1417
301805.92052354047,0.1453,1453
408765.9150030053,0.1318,1318
315698.94883655536,0.1498,1498
271720.9073554971,0.1477,1477
235162.52021130765,0.1399,1399
275443.55804816453,0.1127,1127
278824.3219139993,0.121,1210
215298.6545065613,0.1559,1559
180699.52307258762,0.133,1330
337168.4913431891,0.1318,1318
294415.4194942224,0.1372,1372
180395.66571654056,0.1419,1419
302760.3599175782,0.131,1310
319089.5813048782,0.1236,1236
190418.07505233554,0.1529,1529
466190.8210831861,0.1412,1412
317060.8054289923,0.1514,1514
157312.19388009925,0.1167,1167
205811.2064450256,0.133,1330
176632.3654398622,0.158,1580
331336.2758829252,0.1356,1356
334575.3529895878,0.1575,1575
293361.65414493816,0.1116,1116
331443.92527273856,0.1205,1205
280499.82016122626,0.1784,1784
258022.8339906821,0.1368,1368
471934.8088511973,0.1042,1042
372873.56076215144,0.118,1180
316472.038316459,0.1466,1466
297567.52179051656,0.1566,1566
255180.41833764804,0.1579,1579
327123.55012010736,0.1536,1536
236555.34284179198,0.1394,1394
220639.76399198087,0.125,1250
247713.55039002793,0.1046,1046
405443.2349960962,0.1392,1392
332654.60095714167,0.127,1270
315492.5358468639,0.1135,1135
375411.2883682212,0.1474,1474
230631.57492439006,0.125,1250
317518.8992708958,0.1593,1593
229907.62931605524,0.1309,1309
230870.04868103162,0.1408,1408
172463.08060889127,0.129,1290
217765.63607469673,0.1578,1578
151683.8454018171,0.1666,1666
221648.90917145953,0.1162,1162
141139.3397338632,0.1252,1252
223484.18694491728,0.1741,1741
194124.78059800924,0.1433,1433
246048.14808051867,0.1565,1565
219944.98359468437,0.1211,1211
308418.9087020962,0.1517,1517
247174.70958025666,0.1276,1276
250900.66761701298,0.0938,938
330635.0756116638,0.1624,1624
300848.62112692575,0.1809,1809
211007.4090228902,0.164,1640
228145.73993030176,0.1358,1358
170084.1306523595,0.1632,1632
303831.3478064303,0.1427,1427
297988.75112304185,0.142,1420
342552.5853715105,0.1426,1426
311409.38598224043,0.1294,1294
386594.0666513637,0.1617,1617
287648.98356278305,0.1399,1399
385782.3678427441,0.146,1460
300546.56160423654,0.1165,1165
163948.50739106614,0.1344,1344
336636.4677717704,0.1702,1702
478728.3488800213,0.0969,969
277824.0191448708,0.1294,1294
419634.80536799744,0.1048,1048
362003.14088837494,0.1862,1862
260549.73632221014,0.1459,1459
173505.83115808715,0.1294,1294
267026.5825138362,0.1602,1602
275861.4021453034,0.1307,1307
322801.49985114625,0.1417,1417
221866.66079054066,0.1342,1342
295308.45624883974,0.1106,1106
257040.90234747238,0.1242,1242
362136.07380601857,0.1352,1352
224191.72982573663,0.1567,1567
202451.11059012025,0.1266,1266
380751.32774971676,0.1469,1469
380669.0653475257,0.1167,1167
226195.15235833998,0.13,1300
190562.2791839899,0.1411,1411
216167.51956620207,0.1245,1245
152867.12415406673,0.1322,1322
428088.18341049855,0.1235,1235
174180.28604282884,0.1401,1401
186162.41295228648,0.1367,1367
262804.4641398674,0.157,1570
316590.4560822549,0.1404,1404
487733.6012816577,0.1352,1352
352743.91271274,0.1283,1283
307831.82293784234,0.1191,1191
196982.96347399603,0.1332,1332
161348.5069347995,0.1227,1227
345213.27556306013,0.1751,1751
196898.9667049535,0.1464,1464
285728.3634946738,0.1503,1503
296468.97518685466,0.1446,1446
256192.23739780218,0.1132,1132
230667.42702416514,0.1656,1656
254814.22946401013,0.1504,1504
127866.51070091865,0.1423,1423
213326.65501913463,0.1315,1315
233745.83466369074,0.1582,1582
395710.7850914323,0.1335,1335
275560.1240834426,0.1469,1469
368321.30584645516,0.1469,1469
460237.96241903416,0.1414,1414
188404.28830853867,0.1292,1292
427142.415805376,0.1378,1378
278108.1418583002,0.163,1630
316826.1238183139,0.1171,1171
324259.08703533054,0.1311,1311
309445.53638429905,0.1315,1315
192953.27010572457,0.1368,1368
243705.91013419084,0.1485,1485
382901.41796888,0.1381,1381
205800.8565472512,0.1393,1393
234341.3856827562,0.1568,1568
444250.8431255264,0.1231,1231
224656.465288517,0.1447,1447
193322.01684398288,0.1477,1477
361655.8054571185,0.1472,1472
373222.26442359504,0.1513,1513
281663.75456892437,0.1531,1531
233111.64751800464,0.1841,1841
248520.7388243336,0.1485,1485
416445.906364165,0.1633,1633
280832.53436419147,0.1623,1623
412305.8483568178,0.1413,1413
275918.8093459657,0.1328,1328
182689.25783251267,0.1456,1456
244190.53641371513,0.0904,904
236128.20806996993,0.1724,1724
372536.8457107976,0.1244,1244
281614.12581172906,0.1062,1062
220781.13418967082,0.1394,1394
309441.98106316774,0.1438,1438
316816.47848818504,0.1355,1355
278841.5215233513,0.1673,1673
257671.76771853704,0.1412,1412
191501.73522451945,0.146,1460
344798.4375122516,0.1009,1009
460092.3930072453,0.1585,1585
271603.75293514057,0.1519,1519
227371.51215604076,0.1377,1377
195200.4237425869,0.1329,1329
345756.93385850656,0.1215,1215
265984.3802920934,0.1062,1062
208801.78675344886,0.1448,1448
449438.769257342,0.152,1520
295262.4101020397,0.1415,1415
237357.2313293112,0.1351,1351
353765.1056367916,0.1634,1634
219399.4872312987,0.1417,1417
212477.6883074468,0.1198,1198
304237.04180116084,0.1385,1385
185762.87851519365,0.1236,1236
278832.05781599536,0.1413,1413
375846.89996538265,0.1,1000
349059.360764182,0.1334,1334
175861.2323014069,0.1549,1549
196855.49092133026,0.1585,1585
168872.26402585374,0.1325,1325
299093.8360805583,0.1279,1279
284730.62034528324,0.1476,1476
421717.56852084055,0.1717,1717
284122.9110228617,0.1378,1378
235557.74357229375,0.1502,1502
285224.14120080473,0.1414,1414
260650.07450475142,0.1642,1642
291864.8983602189,0.1497,1497
301292.59337192785,0.1444,1444
196066.74599867116,0.1578,1578
294393.1524897465,0.1769,1769
353713.5688433383,0.1454,1454
216132.84083132527,0.1665,1665
331382.48853979673,0.1131,1131
343886.31789970875,0.1252,1252
283119.2126639988,0.1394,1394
242634.81516569402,0.1572,1572
199871.70093501074,0.1248,1248
327234.08204469027,0.1534,1534
178415.39389029038,0.1446,1446
213351.3896330317,0.1415,1415
426160.9408105166,0.1347,1347
276123.1172681621,0.1363,1363
417258.8733908082,0.1294,1294
455305.9586639844,0.1258,1258
174587.61684412474,0.1449,1449
411400.8406845039,0.1472,1472
303402.28233604477,0.1177,1177
399247.4040553566,0.1445,1445
327069.04485093633,0.1311,1311
252538.6317279583,0.1477,1477
201818.68672229876,0.134,1340
195185.42789269736,0.1463,1463
263593.68727256777,0.1627,1627
172946.41969024815,0.1553,1553
258621.85991014077,0.1594,1594
444115.9749449186,0.1124,1124
187044.40081351093,0.1302,1302
402740.62466891157,0.1185,1185
350271.03866467875,0.1163,1163
300850.07211720385,0.1793,1793
409990.49946471007,0.1535,1535
247901.27366004974,0.118,1180
386281.46126790915,0.1358,1358
270320.9362987991,0.1358,1358
317469.16560479056,0.1312,1312
126388.91079519215,0.1438,1438
207532.70008951818,0.1408,1408
154897.9987379087,0.1389,1389
308246.4332111618,0.1293,1293
378857.7103913736,0.1589,1589
230421.4318217333,0.149,1490
297555.20778239146,0.1408,1408
284223.0555717812,0.1532,1532
209145.40067111218,0.1293,1293
341045.15430474683,0.1473,1473
294554.60120855266,0.1379,1379
316191.113434786,0.1381,1381
212659.20179679856,0.1539,1539
274973.58930118184,0.1611,1611
232315.20225961547,0.1722,1722
310874.6580069982,0.169,1690
484925.8825573981,0.1562,1562
237543.4510165765,0.1531,1531
204361.2732645455,0.1362,1362
214264.4456031799,0.1719,1719
171080.81247184204,0.1603,1603
224206.84416835877,0.1603,1603
366795.5628207184,0.1728,1728
385396.7843953443,0.1221,1221
259065.91758724966,0.1462,1462
339755.413861509,0.1556,1556
315719.81949595833,0.1333,1333
220737.09612721382,0.1353,1353
340561.476065948,0.1419,1419
300446.1715427265,0.1547,1547
212105.98626010242,0.0911,911
238551.2728796578,0.126,1260
334982.9815910894,0.1532,1532
349468.51689128554,0.1278,1278
295790.88473972474,0.1306,1306
406017.0188215568,0.1476,1476
249193.71563786294,0.1345,1345
334188.02078043955,0.1514,1514
320195.4243958161,0.1714,1714
246121.83840323598,0.1483,1483
267274.29178995924,0.1484,1484
236343.99909072655,0.157,1570
218649.07986980275,0.1445,1445
277635.41683137754,0.1286,1286
242332.18420519395,0.114,1140
262482.0300202857,0.141,1410
294677.2632424107,0.1598,1598
333972.17982257623,0.1644,1644
268078.4737580739,0.1564,1564
141324.73560662183,0.1022,1022
178181.3196530487,0.1459,1459
184761.1068544352,0.1451,1451
255678.87025194615,0.1379,1379
245076.6975222794,0.1183,1183
330797.39460338844,0.1358,1358
171921.82687946048,0.1365,1365
240242.86396009327,0.1476,1476
258402.25665839989,0.1028,1028
177341.85200973795,0.1159,1159
157424.20849538615,0.1198,1198
278474.14441844093,0.142,1420
268476.26919001073,0.1513,1513
219781.12864951807,0.1306,1306
463640.2088422609,0.127,1270
191974.03879224803,0.1188,1188
195013.30218637543,0.1598,1598
275567.1378125519,0.1597,1597
211407.28430456907,0.1393,1393
267565.63678782195,0.142,1420
305790.5133539905,0.1641,1641
212846.86064196567,0.1438,1438
241579.60410297746,0.1156,1156
248029.98612039306,0.1592,1592
347127.00290058006,0.0961,961
285507.0016387539,0.1453,1453
176593.13572470733,0.1549,1549
300090.74946247245,0.1438,1438
236939.60651987197,0.1464,1464
254904.37688542207,0.139,1390
391599.5033643817,0.1167,1167
380559.071668877,0.1408,1408
265020.4182676326,0.1499,1499
364901.8898157995,0.1571,1571
171410.03003675415,0.1069,1069
219033.4725331012,0.1363,1363
263523.71903315483,0.1477,1477
282715.0070604509,0.1129,1129
415529.9779041033,0.1589,1589
317286.1698205678,0.1438,1438
306030.08747749607,0.1323,1323
218873.85606765098,0.1257,1257
189517.0652320764,0.1274,1274
258413.10175604883,0.1302,1302
321374.9353356122,0.1544,1544
295820.85274105525,0.1564,1564
222090.5712326936,0.1399,1399
310700.1554286109,0.1575,1575
434809.6837441435,0.1123,1123
290123.262729753,0.1468,1468
358160.16585358285,0.1025,1025
280537.03358060727,0.1768,1768
422421.74051412585,0.1595,1595
194920.85601474045,0.1472,1472
218486.72957920667,0.1402,1402
314389.0516627408,0.1485,1485
276369.912996105,0.1231,1231
453032.42544546095,0.1275,1275
295260.24895174353,0.1498,1498
343046.6442930838,0.1482,1482
222392.72408624674,0.1353,1353
385553.0351714821,0.1294,1294
382738.21000360587,0.1407,1407
274986.121627998,0.1337,1337
293862.31769290066,0.1358,1358
207717.0751123191,0.1381,1381
280640.3101478158,0.1792,1792
440876.1010163157,0.1385,1385
163445.05198893545,0.1191,1191
261883.844745644,0.1486,1486
251594.57884799418,0.1165,1165
271398.1681619475,0.1307,1307
253027.7723581459,0.1413,1413
174059.8315940288,0.1351,1351
317524.7130850838,0.1393,1393
248023.11275133633,0.1186,1186
290196.6094468298,0.1224,1224
304344.7964247445,0.1401,1401
172103.17121359077,0.1241,1241
273284.7964410492,0.125,1250
317050.09772092587,0.1169,1169
158021.10506375003,0.1567,1567
227540.50022898853,0.1356,1356
191051.83117676107,0.1312,1312
242044.46253161324,0.1305,1305
234691.21235111903,0.1467,1467
241438.81385461835,0.1591,1591
287775.1145292482,0.1102,1102
324784.4579175943,0.1399,1399
346412.6248356923,0.1138,1138
222712.13966804207,0.1186,1186
129291.22974768115,0.1352,1352
297297.82092635456,0.1706,1706
350390.89226221415,0.1729,1729
219451.1069327917,0.1242,1242
335337.9891002457,0.1593,1593
349885.8888681959,0.1259,1259
462439.94271206576,0.1275,1275
338020.57931064756,0.1457,1457
430196.325018284,0.1442,1442
280562.1597865359,0.1418,1418
191422.8156065582,0.1045,1045
432623.275247541,0.1297,1297
166560.48528425908,0.1332,1332
251633.28156962377,0.1258,1258
264602.8304648225,0.1601,1601
336449.7121620002,0.1406,1406
320314.8010098497,0.1405,1405
296963.41144914174,0.1223,1223
300607.86002382514,0.1486,1486
250975.78733605254,0.1223,1223
203864.31196951345,0.1285,1285
329459.70153546834,0.1059,1059
271644.43027092016,0.1487,1487
363954.44700770784,0.1402,1402
281400.23194136715,0.1516,1516
176312.1408923952,0.1688,1688
173702.33890837352,0.1265,1265
261152.43060972725,0.1441,1441
296768.327833157,0.1621,1621
409475.96086653287,0.1215,1215
400849.4745276263,0.1516,1516
399771.8747568406,0.1564,1564
265172.4234048244,0.1317,1317
332355.23249472585,0.1493,1493
229264.88473402942,0.1446,1446
344913.014970608,0.1582,1582
408140.1506384791,0.1289,1289
217531.6501131859,0.144,1440
326463.4530214321,0.1648,1648
324872.24996869167,0.1088,1088
356412.61404884665,0.1612,1612
311046.38832951663,0.1147,1147
234739.02909749272,0.1495,1495
227298.09628555574,0.1219,1219
293496.84252920153,0.1257,1257
241024.84586623136,0.1276,1276
195609.0070251657,0.1126,1126
247675.66283770595,0.1413,1413
381361.4962457381,0.1316,1316
271110.6133642124,0.1759,1759
182552.98946372647,0.1619,1619
363936.03585444845,0.1106,1106
228622.92105700387,0.1694,1694
234817.52740312304,0.1217,1217
257992.5709570311,0.1666,1666
200083.14359729458,0.1636,1636
392245.9322558257,0.1374,1374
195803.71019177834,0.1457,1457
425770.1546301448,0.1437,1437
189823.43647686086,0.1741,1741
438642.50733780034,0.1473,1473
268306.61218894145,0.1538,1538
312237.69981046516,0.1563,1563
318986.8665660761,0.1466,1466
227665.02730847383,0.1746,1746
161792.7615758091,0.1448,1448
285329.3612961309,0.1348,1348
209259.83339749023,0.1566,1566
372868.0341458741,0.141,1410
280632.2281529121,0.131,1310
451964.9022914403,0.1606,1606
357562.5323546025,0.1263,1263
281045.80751068675,0.1347,1347
233366.22921459522,0.1419,1419
290058.20305819216,0.1639,1639
249769.90914973165,0.1379,1379
270206.00914883026,0.1436,1436
290454.95953877905,0.1113,1113
182548.54801648727,0.1564,1564
387555.3292710886,0.1386,1386
241665.27510684245,0.1412,1412
163548.06634154505,0.1366,1366
262488.7400448474,0.1443,1443
292987.3002695348,0.1172,1172
287589.7628086723,0.1461,1461
250925.19975043094,0.1455,1455
482184.493207935,0.1441,1441
289066.3104338004,0.1326,1326
194384.41043765936,0.1504,1504
253096.9386280365,0.1408,1408
379998.0981665965,0.1505,1505
144333.22108432633,0.1362,1362
417940.34025011736,0.1429,1429
240496.51049804423,0.1693,1693
284382.2084857818,0.146,1460
261686.97507591182,0.1726,1726
286082.5843970219,0.141,1410
193645.69695476885,0.1556,1556
241288.24182696248,0.1158,1158
290328.47429467953,0.1758,1758
279521.3286970977,0.1521,1521
208840.22552737506,0.1349,1349
297571.24060220754,0.1511,1511
255482.6204432276,0.1516,1516
234499.93661713865,0.1644,1644
252362.0711478708,0.1689,1689
268027.42497269204,0.1625,1625
269000.771195055,0.1403,1403
298372.7237664572,0.147,1470
267153.81326310907,0.1658,1658
239501.65695616737,0.1518,1518
266297.5182825599,0.1449,1449
150398.90144801128,0.1423,1423
174243.1431067025,0.1516,1516
212461.54399357594,0.1336,1336
281671.9785650387,0.1447,1447
231687.58301688873,0.1093,1093
333454.7274491217,0.1468,1468
327402.42900906806,0.1573,1573
217389.18000824153,0.125,1250
395180.19976223377,0.1295,1295
267603.06993817835,0.1373,1373
335826.3821564466,0.1199,1199
280018.5394759575,0.1076,1076
197212.264365302,0.15,1500
289634.3093238646,0.1274,1274
405973.63305637735,0.1622,1622
393531.9294243128,0.1344,1344
422920.3383589415,0.1277,1277
173829.31120515906,0.1407,1407
232951.79841532765,0.1542,1542
149723.3164134564,0.1381,1381
206955.4368214661,0.1752,1752
236491.6932991729,0.1386,1386
182088.88962451284,0.1228,1228
244475.04018917517,0.1356,1356
261549.60515235062,0.1366,1366
137388.36077339182,0.162,1620
266217.51471015794,0.1393,1393
246885.45790226324,0.125,1250
144525.05674371248,0.1209,1209
389344.4317835873,0.1216,1216
198664.3055527722,0.1292,1292
260870.4271916036,0.1275,1275
296918.00138263445,0.1469,1469
298386.00932739564,0.1583,1583
239335.42569235602,0.1628,1628
248893.70093067366,0.1709,1709
303535.5075463079,0.1343,1343
191709.75921868772,0.16,1600
421041.43030239997,0.1116,1116
300466.4064634194,0.1426,1426
227239.1948573986,0.1396,1396
404442.6551926625,0.1182,1182
304204.52794292197,0.1504,1504
203237.26547920646,0.1513,1513
268383.42471893516,0.1422,1422
276245.3385771599,0.1431,1431
280293.0954018994,0.123,1230
302803.08748802653,0.1251,1251
251285.68846328443,0.1005,1005
227126.8830747169,0.1503,1503
199877.9673674546,0.1406,1406
255290.65792484384,0.1084,1084
217013.7091553245,0.133,1330
149713.6913359062,0.0919,919
183185.93649506458,0.1492,1492
255887.11755322802,0.1243,1243
370523.2091952694,0.1656,1656
247448.0002021783,0.1247,1247
177900.781155012,0.1329,1329
249739.7672696324,0.1432,1432
336408.4758075545,0.1559,1559
266702.3990338634,0.1508,1508
324417.61316768837,0.111,1110
247187.4551869349,0.1352,1352
184259.09815992948,0.1211,1211
197114.27972488632,0.1654,1654
414955.4253390053,0.1283,1283
404931.5304769429,0.1402,1402
332453.2335278276,0.1283,1283
304093.12566856045,0.1354,1354
337049.98909564276,0.1522,1522
275805.3376632455,0.1495,1495
224680.410188924,0.1387,1387
202095.28619310493,0.1289,1289
241038.29715962915,0.1805,1805
294583.7671607154,0.1649,1649
273746.3522327865,0.1584,1584
297676.3590935917,0.146,1460
191013.3273350582,0.1387,1387
187727.1264483253,0.1412,1412
268889.7558784815,0.1474,1474
296751.4725054759,0.1513,1513
253477.22374916304,0.1531,1531
276582.35361736914,0.1342,1342
242041.9812623073,0.1399,1399
275305.2876201823,0.132,1320
305150.6475315111,0.1503,1503
255694.10508515194,0.1744,1744
313851.7486500125,0.1341,1341
294259.227166978,0.1203,1203
243191.04505089746,0.1235,1235
405134.17796588346,0.1463,1463
232633.34763406872,0.1259,1259
479758.7915490826,0.1228,1228
215505.40995377395,0.1172,1172
208790.93404408233,0.1497,1497
167823.12736305373,0.1315,1315
236120.4940709283,0.1701,1701
342797.88472731947,0.154,1540
340478.954962888,0.1267,1267
359119.1888247422,0.1427,1427
391566.08255266264,0.1062,1062
355152.5380903061,0.1481,1481
155511.8942549959,0.118,1180
306731.9490264463,0.1392,1392
284798.1196479668,0.1387,1387
308638.8291371497,0.1725,1725
378333.5248494391,0.1507,1507
202912.21699587823,0.1628,1628
255587.90208103167,0.1383,1383
383570.6136969858,0.1528,1528
274299.34764593514,0.1378,1378
260095.58044042287,0.1365,1365
359288.2069464317,0.1177,1177
314512.0414807384,0.1104,1104
261778.64345378347,0.1419,1419
300561.6604538599,0.1362,1362
267748.56462313526,0.1375,1375
224140.9382639608,0.1863,1863
402310.745073947,0.1212,1212
278966.4750678157,0.1267,1267
321964.4725202443,0.1449,1449
325095.8421489115,0.1334,1334
311739.24085613136,0.1383,1383
336103.3942171191,0.1733,1733
358674.84588626033,0.1462,1462
310393.0891514984,0.101,1010
236293.61828897707,0.142,1420
233452.6887013954,0.1445,1445
267611.34064145095,0.1267,1267
350474.3890489768,0.1384,1384
369869.87526676344,0.1211,1211
272079.51735947165,0.1564,1564
156437.13556779295,0.1428,1428
404808.08428402647,0.1655,1655
271360.2850141935,0.16,1600
220828.43128225373,0.1343,1343
237496.02770675608,0.11,1100
219110.33334262256,0.1637,1637
236013.88675601053,0.1227,1227
285248.98982388724,0.1439,1439
374963.5089749654,0.1588,1588
259019.04393692416,0.1496,1496
346603.11227596673,0.1052,1052
252116.5334873993,0.1685,1685
359295.249609309,0.1604,1604
157519.5601829517,0.1356,1356
235563.41199847282,0.1026,1026
238955.8541714037,0.1203,1203
299812.40940229356,0.1356,1356
197410.14988123858,0.1606,1606
420229.1651247274,0.1381,1381
320085.9789403599,0.1141,1141
223320.23055166766,0.1223,1223
391199.48649354593,0.1422,1422
220497.7706870172,0.1409,1409
154276.88633195468,0.0921,921
322611.72043587465,0.1295,1295
219777.98926866413,0.1231,1231
158704.46718294855,0.1468,1468
180802.1888837123,0.1296,1296
436107.7180591499,0.1171,1171
219569.09984106358,0.1771,1771
166250.9250791156,0.117,1170
275142.16675046546,0.125,1250
252921.98271516708,0.1177,1177
402562.41916539863,0.1549,1549
322872.19901187066,0.1429,1429
184008.29257162556,0.14,1400
239746.20062515754,0.1305,1305
286460.7453155209,0.1326,1326
200810.10561022765,0.1452,1452
286463.57078888494,0.1535,1535
359435.468496398,0.1456,1456
220179.41969953958,0.1768,1768
255868.25094481284,0.1403,1403
289554.6237447582,0.1126,1126
207180.22302839588,0.1728,1728
261591.01588722458,0.1316,1316
233868.18729569702,0.164,1640
179923.78349903296,0.1342,1342
259104.61671593084,0.1155,1155
285215.30203638895,0.1368,1368
183822.37733577378,0.1719,1719
224487.86615194293,0.133,1330
251612.22209951328,0.1501,1501
323161.55759638315,0.0922,922
284191.4174702311,0.1504,1504
246657.9692971445,0.1607,1607
398974.62761194684,0.1199,1199
279120.80522935186,0.1207,1207
210358.28278082257,0.1141,1141
152835.71959435372,0.1435,1435
311566.1158101423,0.1193,1193
258511.11494977106,0.162,1620
231977.30924228654,0.1468,1468
297618.17272042704,0.1549,1549
290303.6653496501,0.1428,1428
182869.26780694097,0.166,1660
288544.24833700334,0.111,1110
406150.5047892213,0.1417,1417
294722.0892544123,0.1467,1467
252393.98129487867,0.1257,1257
182702.68372827463,0.1371,1371
202640.50318838912,0.1391,1391
298118.60896805604,0.1461,1461
292521.0285658192,0.1367,1367
347955.83455171745,0.1344,1344
252591.3051022568,0.1386,1386
317260.1301100061,0.1453,1453
274094.2001292603,0.1355,1355
311356.74832929834,0.1403,1403
298629.7611776326,0.1317,1317
262326.3921633924,0.1552,1552
236930.09079127907,0.1226,1226
201051.6170453023,0.1591,1591
373150.710658309,0.1478,1478
223162.55027035825,0.1277,1277
301190.67371529585,0.1238,1238
224246.4089615407,0.1546,1546
380484.07081243856,0.1513,1513
273674.56483056047,0.1401,1401
226737.41963010654,0.1379,1379
313178.78886218066,0.1254,1254
463434.5698662102,0.1557,1557
261293.82828634745,0.1622,1622
212318.7947434223,0.1189,1189
289428.92384393484,0.1222,1222
337917.4432717117,0.1559,1559
169980.32054491053,0.1349,1349
250184.50074017327,0.1337,1337
177864.37037871752,0.1445,1445
342127.0490220045,0.1461,1461
276806.0285789019,0.1532,1532
211894.2037079853,0.1659,1659
267125.1819237086,0.1226,1226
174842.11082416173,0.1289,1289
222883.8717455879,0.1449,1449
242285.85747303403,0.1184,1184
288923.84063781163,0.1023,1023
218004.28484262308,0.12,1200
309259.7084279894,0.1739,1739
230660.56878645558,0.1297,1297
463166.67335103813,0.1596,1596
467394.0166989636,0.1389,1389
352051.6410019859,0.1542,1542
275871.1762648141,0.1148,1148
225250.07447816245,0.1211,1211
270301.9827156801,0.1379,1379
201075.44885224148,0.136,1360
258534.3498707777,0.1747,1747
158782.12138963098,0.1426,1426
354023.01140310755,0.1546,1546
330820.174656184,0.1535,1535
426700.6788648513,0.1617,1617
273477.0810669713,0.1373,1373
256438.57258999915,0.1078,1078
220724.53102908132,0.1241,1241
311022.23370172986,0.1203,1203
281598.3888925673,0.1309,1309
266925.2588659091,0.1164,1164
226603.8489760896,0.1233,1233
233635.66425241748,0.1379,1379
302375.71144966676,0.139,1390
200991.60328848267,0.1474,1474
229447.09382156687,0.132,1320
435615.7586343805,0.1641,1641
337926.51394277764,0.1468,1468
271535.25539068325,0.1686,1686
273310.162500667,0.1391,1391
263630.79328414437,0.1592,1592
154164.64431071858,0.1529,1529
371383.91742664087,0.1577,1577
215645.6382107914,0.1365,1365
331464.7460123428,0.1532,1532
218468.49588802873,0.1355,1355
263972.7821098694,0.1453,1453
270119.21827112517,0.1592,1592
295547.17339441314,0.1286,1286
277822.62545694545,0.1218,1218
407790.263634193,0.1389,1389
243538.70876743837,0.1037,1037
271078.9234881066,0.1672,1672
290937.0431183324,0.1297,1297
382605.75546736555,0.1469,1469
242423.97116888178,0.1849,1849
251043.99320473493,0.1482,1482
349282.38149144186,0.1493,1493
253623.01816617636,0.1481,1481
268658.33354182396,0.1103,1103
272658.4652692485,0.1211,1211
329843.59574958275,0.1541,1541
218538.22126971415,0.1642,1642
273914.387849579,0.1231,1231
348614.98827967624,0.124,1240
248929.7726898907,0.1321,1321
281291.5892865647,0.1679,1679
232961.75153253073,0.1133,1133
231957.3299647103,0.1341,1341
158272.2870263744,0.1045,1045
268862.03055639076,0.1334,1334
167304.66476072517,0.1567,1567
245036.21002973188,0.1396,1396
137745.31191614206,0.148,1480
235672.56107300994,0.1744,1744
284815.7801276546,0.112,1120
258480.091463523,0.1248,1248
247011.05515443027,0.1555,1555
331431.7749698264,0.1561,1561
213554.21215896858,0.1284,1284
229622.56084365712,0.1273,1273
149780.19154995584,0.1483,1483
273164.6045158325,0.1643,1643
212691.43109510842,0.1324,1324
315855.74294853467,0.1197,1197
265875.5736721211,0.1121,1121
250524.0360063883,0.1425,1425
237235.31981098367,0.173,1730
309167.31504131964,0.163,1630
272069.13928151096,0.1586,1586
183995.8392570624,0.1205,1205
332092.9995614196,0.1337,1337
337272.4093049168,0.1085,1085
293510.14615247824,0.1355,1355
271932.6503645295,0.135,1350
300493.75125388714,0.1389,1389
389747.38983222493,0.1332,1332
255308.21169336178,0.1131,1131
224398.8226201996,0.1568,1568
222603.9141382095,0.1262,1262
369605.3480250871,0.1522,1522
238240.243203084,0.1435,1435
191022.17721917594,0.136,1360
260175.00542934003,0.1635,1635
277243.636549956,0.1175,1175
235174.90537104142,0.1308,1308
315863.54831238923,0.0998,998
286221.5717923577,0.139,1390
158608.41001050707,0.1585,1585
341051.1838306636,0.1781,1781
254629.45304055628,0.1192,1192
252894.7086445774,0.123,1230
176260.19686726813,0.1139,1139
217582.5417115946,0.1496,1496
249569.21913403692,0.1563,1563
259337.1291342053,0.1241,1241
257319.3021230651,0.1491,1491
412828.0600637728,0.1215,1215
182733.0346460781,0.1653,1653
346013.0154907149,0.1004,1004
395283.82842693443,0.1412,1412
402908.46643398236,0.1344,1344
167063.66804731207,0.1333,1333
347150.01674361556,0.1433,1433
257735.34088201073,0.137,1370
351776.80932567065,0.1312,1312
282585.6010429495,0.1336,1336
309047.5687474922,0.156,1560
306580.4315318945,0.0977,977
207646.24688563062,0.1523,1523
307830.9944335974,0.1292,1292
227378.2867316327,0.1229,1229
391178.1979099419,0.1483,1483
378204.4812918681,0.1475,1475
344505.5738477162,0.1098,1098
316106.0844809444,0.1293,1293
261578.08131499036,0.1422,1422
371222.4635814453,0.1511,1511
129463.86023342794,0.1571,1571
220889.11421541192,0.1506,1506
393550.7028566094,0.1347,1347
243191.7468099952,0.1315,1315
404458.77254102967,0.1425,1425
324925.5390365683,0.1352,1352
330646.73462313827,0.1448,1448
188351.4960633101,0.1608,1608
351491.37851520843,0.1575,1575
309464.1380535512,0.1275,1275
378036.5845608416,0.1576,1576
162026.53076702685,0.1585,1585
194249.65368327452,0.1469,1469
322014.5478282481,0.1506,1506
359192.86680399865,0.1216,1216
255153.93983720115,0.1276,1276
219373.68709276803,0.1183,1183
415374.04162916355,0.143,1430
197307.0525699965,0.1415,1415
289318.02616349753,0.133,1330
361585.98062601686,0.1118,1118
232561.27514797077,0.1258,1258
194995.76424099834,0.1362,1362
273299.85076224623,0.1389,1389
314518.54851977533,0.1547,1547
206976.66586074818,0.1324,1324
252972.330851639,0.162,1620
300936.2506687724,0.1444,1444
238724.3913460763,0.1205,1205
255132.62391383655,0.161,1610
353859.5907153516,0.1326,1326
335533.11458090245,0.1519,1519
232172.67603232735,0.1202,1202
230086.13835835125,0.1534,1534
200821.3483960515,0.1354,1354
133519.54065451078,0.1027,1027
262201.0906615481,0.1327,1327
315387.71816701913,0.1495,1495
355533.8295151335,0.1281,1281
363345.69164177333,0.1413,1413
226150.64052473955,0.132,1320
207344.17535973908,0.1172,1172
376088.1715150831,0.1437,1437
329043.4492324337,0.1222,1222
264863.4463768341,0.1601,1601
279090.8574173012,0.1336,1336
290329.87929068564,0.1511,1511
346434.3127984852,0.162,1620
225274.97787540837,0.1319,1319
280241.15313414915,0.1314,1314
309139.6659305557,0.1504,1504
281733.35680533823,0.1364,1364
172271.2180375478,0.1404,1404
233367.76944420813,0.1821,1821
296412.3312358569,0.1498,1498
306208.92927102,0.1357,1357
162337.67630946936,0.1247,1247
319071.1548931764,0.1023,1023
241878.5698468545,0.1309,1309
204517.7243853542,0.1153,1153
243043.5210980245,0.1242,1242
250049.61237848588,0.1306,1306
280134.3152891264,0.1523,1523
369797.0184883398,0.1511,1511
242302.1746443805,0.1538,1538
211624.78688953505,0.1064,1064
280842.39880516496,0.111,1110
278204.8951165803,0.1333,1333
394558.7259011736,0.1221,1221
285620.47032252076,0.1448,1448
370618.0541205927,0.1459,1459
286674.2845338885,0.1322,1322
218910.09132333798,0.1649,1649
307143.69968328206,0.166,1660
270984.3864718356,0.1244,1244
258566.6275869874,0.1559,1559
269726.7476710435,0.175,1750
203480.28025410403,0.1408,1408
481328.37063168956,0.1263,1263
245812.10788467198,0.134,1340
203486.6029207393,0.1112,1112
318370.2641320021,0.1228,1228
319851.9766326657,0.1008,1008
294758.4323333169,0.1551,1551
254822.99161356242,0.1107,1107
283557.42901506735,0.1294,1294
296977.7497059757,0.1397,1397
195197.9800549529,0.1391,1391
203038.15890168602,0.1485,1485
199452.4336158727,0.1087,1087
213923.25348859723,0.1801,1801
271634.00826386985,0.1374,1374
369812.6077528135,0.1256,1256
408295.30409823824,0.1525,1525
220829.86492740136,0.1485,1485
413374.15718646604,0.1342,1342
195231.67299743663,0.1133,1133
220571.34731174182,0.1452,1452
257623.3447676395,0.1143,1143
311222.8608314543,0.134,1340
473832.3122184511,0.1346,1346
221735.62187258026,0.115,1150
210557.16141716694,0.1422,1422
317301.6751287987,0.1357,1357
266851.1949417239,0.139,1390
277638.8833500604,0.1572,1572
390338.6960941863,0.1513,1513
278083.6563169665,0.1447,1447
347124.83250025776,0.1587,1587
263065.8272850107,0.15,1500
429022.9316386371,0.1492,1492
323028.05928984156,0.1312,1312
284814.7161049138,0.1416,1416
432228.8304798106,0.1411,1411
260405.37565702247,0.1206,1206
307816.2973352556,0.1334,1334
241141.74117431845,0.1545,1545
236161.1554264475,0.1309,1309
283367.281378951,0.1354,1354
135031.21581216186,0.1493,1493
321362.9414477983,0.1352,1352
162400.22760585535,0.1429,1429
272265.6159022498,0.1416,1416
221909.6077722136,0.147,1470
306904.2811548149,0.1615,1615
377734.59667336807,0.1259,1259
289948.6648262703,0.1158,1158
330941.34134080046,0.1551,1551
415988.3077768024,0.1369,1369
394851.2820070637,0.1749,1749
283072.0496086937,0.1468,1468
217111.86796839884,0.1687,1687
255012.1090392314,0.1421,1421
271093.09932879196,0.1527,1527
252089.77347318904,0.1683,1683
456050.2919482175,0.1318,1318
378051.88688387256,0.1382,1382
248573.0781031976,0.1592,1592
195751.59815247165,0.1184,1184
331239.43473643396,0.1512,1512
354452.71818783606,0.184,1840
470178.0559055543,0.1692,1692
310174.94090038695,0.1652,1652
220562.04060287692,0.1517,1517
336476.88013951003,0.1301,1301
411231.53413478157,0.1339,1339
295870.01350504707,0.1781,1781
289104.178506675,0.1641,1641
287229.8254175634,0.1535,1535
392962.3004155327,0.1449,1449
264440.91868512135,0.157,1570
341567.82837769046,0.1777,1777
292843.17566449364,0.1198,1198
221656.12511508277,0.1431,1431
304896.9412680134,0.1583,1583
337254.3243289479,0.1362,1362
322621.99665065465,0.1566,1566
234545.14073222317,0.16,1600
349035.1925504825,0.1529,1529
244779.77593902848,0.1442,1442
298572.16060136945,0.1558,1558
313202.87138546305,0.127,1270
400673.168959369,0.1424,1424
268080.6571036411,0.1444,1444
422265.285387995,0.1292,1292
288875.2644080059,0.1281,1281
199151.42330687557,0.1413,1413
271177.2104246954,0.1409,1409
314453.8318025271,0.1423,1423
251021.900376593,0.1531,1531
192786.68355456705,0.1202,1202
237125.8911474366,0.1613,1613
180515.12642517316,0.1338,1338
381961.7983240129,0.1633,1633
272998.25200559915,0.144,1440
288169.5278905185,0.1404,1404
282008.9492726315,0.1623,1623
262102.2289690321,0.1182,1182
208581.60350515746,0.1494,1494
358355.76911179593,0.1262,1262
243598.84526043636,0.1495,1495
272041.6364832519,0.1346,1346
230018.17132358174,0.1417,1417
247350.662964622,0.1217,1217
152249.71160544196,0.1103,1103
263951.3317898751,0.1466,1466
304403.329229431,0.1613,1613
288068.51539266173,0.1769,1769
279570.21148875053,0.1356,1356
235950.1918912951,0.1234,1234
246018.15320938238,0.1467,1467
194966.8945552661,0.1663,1663
274498.9098465738,0.153,1530
226584.8891909905,0.1299,1299
285658.96703378647,0.1455,1455
188294.97270925116,0.1553,1553
196823.14168165237,0.1562,1562
169600.94000805682,0.1283,1283
183852.19132658176,0.1823,1823
325086.8485401518,0.1582,1582
341480.87280391325,0.1273,1273
240154.65051387914,0.1537,1537
457500.9695606707,0.1504,1504
342179.2776225996,0.1411,1411
236123.27889159133,0.1572,1572
307775.6086287797,0.1121,1121
210966.08671931643,0.1354,1354
242736.85329655802,0.1485,1485
270013.772518759,0.1337,1337
203596.58412955262,0.1356,1356
410379.82191122096,0.1533,1533
323189.22270003025,0.1323,1323
167212.0514350937,0.1359,1359
215302.14035791295,0.1372,1372
181484.41861026958,0.1503,1503
193431.29813417836,0.1322,1322
193391.891388807,0.1315,1315
296412.11929258116,0.1486,1486
274487.1497650251,0.1415,1415
133227.0198125753,0.1319,1319
230675.07752885713,0.0996,996
317770.2541062023,0.1442,1442
169066.72560862682,0.1369,1369
302169.1063790321,0.1442,1442
247362.11862842733,0.1394,1394
201716.93871211904,0.1153,1153
180144.9894152475,0.1631,1631
284552.2504697732,0.1804,1804
302708.36139452655,0.1549,1549
281526.06319828157,0.151,1510
177271.81380571713,0.1348,1348
263286.37668158126,0.1281,1281
458236.54184695345,0.1383,1383
342377.5552283759,0.1349,1349
174108.75402451053,0.1382,1382
335493.3124612921,0.1801,1801
364089.87999408407,0.1681,1681
242044.91904484105,0.1489,1489
194955.676458412,0.1675,1675
198024.3621371996,0.1263,1263
371330.84065269725,0.1618,1618
265355.3826221555,0.1143,1143
416840.75148495164,0.1212,1212
266238.2032403077,0.1222,1222
300601.7380173237,0.1278,1278
342445.43888154876,0.138,1380
255975.16453169,0.1254,1254
278430.42798236466,0.1191,1191
249332.85444177064,0.1643,1643
281792.67276100017,0.1552,1552
273534.55227441347,0.1661,1661
443652.31861540425,0.1511,1511
204137.2031576322,0.1074,1074
226028.30775870383,0.123,1230
230563.5864788511,0.1368,1368
257552.68700178643,0.1399,1399
198234.4760667431,0.1464,1464
353363.355925558,0.1567,1567
352222.312904825,0.1515,1515
319878.3787050825,0.1555,1555
122653.01521955396,0.1496,1496
326408.78508598293,0.1361,1361
346292.1363529083,0.1327,1327
429899.3038173169,0.1644,1644
197951.89644661493,0.1395,1395
246036.79747045282,0.1237,1237
234390.5357469838,0.1547,1547
273690.4218816417,0.1221,1221
339683.3136845322,0.1609,1609
276021.8475651997,0.1348,1348
258440.6304269461,0.1409,1409
225567.64794935024,0.1095,1095
366747.2707571958,0.1355,1355
288292.01139842713,0.1353,1353
244633.69502832167,0.1524,1524
331274.6775811067,0.112,1120
270975.91676420084,0.1438,1438
194945.17641599666,0.1529,1529
292324.13928847323,0.1376,1376
508862.0074227441,0.133,1330
286208.4924746532,0.1351,1351
224259.8905594592,0.1388,1388
236132.0263219356,0.1229,1229
289413.75974408735,0.1432,1432
184536.78898167488,0.1403,1403
206178.3006344073,0.1211,1211
452744.1555147774,0.1193,1193
196109.5338649369,0.14,1400
368200.739944039,0.1143,1143
366088.63398961583,0.1676,1676
417358.8120873957,0.1238,1238
229645.58721163557,0.1387,1387
488959.23680266656,0.1252,1252
315468.60956994,0.157,1570
193174.83597470098,0.1185,1185
148953.2997479088,0.119,1190
214635.02972980356,0.1159,1159
200651.32802755397,0.1343,1343
268826.458391368,0.1151,1151
400909.2910412757,0.1391,1391
229244.08987579565,0.1598,1598
253345.9947119988,0.1296,1296
247377.09876975862,0.1379,1379
198781.8635391623,0.1635,1635
249272.39401084685,0.1213,1213
253791.15221638416,0.1424,1424
172395.17013483986,0.1173,1173
304546.3237291744,0.1682,1682
233929.17488679124,0.1237,1237
296860.2467327317,0.1475,1475
357202.9252050323,0.1434,1434
263054.7471638747,0.1463,1463
275225.971159645,0.1528,1528
350679.6955432436,0.1679,1679
262722.1088224824,0.1451,1451
250203.8637161175,0.1323,1323
192873.7691244399,0.1372,1372
240979.9550559773,0.1293,1293
195834.866441806,0.1529,1529
234955.9222813306,0.1376,1376
316882.4799427701,0.1186,1186
239158.7442942914,0.1443,1443
319588.90186841076,0.1005,1005
290049.0217401784,0.1325,1325
252230.1898067278,0.1593,1593
356165.0026175661,0.1575,1575
334326.4197369999,0.1134,1134
239012.43255009732,0.1185,1185
354891.58757366333,0.1563,1563
260876.5976657153,0.1359,1359
171741.68237036298,0.1584,1584
304817.4610858412,0.1142,1142
489997.7820600439,0.1814,1814
381956.2006943605,0.1596,1596
259141.174772256,0.1193,1193
334958.12311895046,0.1481,1481
214913.6200980932,0.1306,1306
150789.40773946053,0.1165,1165
331130.225326303,0.1425,1425
412648.17110180284,0.1558,1558
311349.5293652984,0.1462,1462
256117.64438649444,0.1495,1495
243693.06615951366,0.1375,1375
254802.4413803026,0.1137,1137
412429.7150340938,0.1439,1439
214298.50366681436,0.1426,1426
229782.5464649815,0.1342,1342
324996.2866610861,0.1144,1144
215512.2088860394,0.172,1720
261088.07071378347,0.1293,1293
247238.87035300065,0.1264,1264
367583.6073302411,0.1242,1242
344914.2402153234,0.1261,1261
347021.93497753865,0.1454,1454
321829.79957737675,0.1101,1101
286565.3858732162,0.1093,1093
171411.20756849795,0.14,1400
425036.00222324335,0.1811,1811
312902.6015647803,0.1452,1452
202756.9871485635,0.1331,1331
254497.32458062007,0.1642,1642
257109.06001164226,0.1612,1612
363283.9590677249,0.1375,1375
487775.4080254156,0.1663,1663
246708.83603181332,0.1195,1195
241586.02774627227,0.1475,1475
460911.03638342675,0.1781,1781
189042.50485001632,0.1352,1352
320633.4042358202,0.132,1320
133105.75134008346,0.1321,1321
259870.10056135742,0.1488,1488
316685.9740070734,0.1319,1319
205724.37988087346,0.1488,1488
265086.1594603411,0.1357,1357
173142.0317254353,0.1143,1143
309365.02366592037,0.1427,1427
274011.73577559163,0.1651,1651
265151.23658421263,0.1312,1312
402467.85385219,0.1334,1334
129591.57709126378,0.11,1100
185311.91295415742,0.1422,1422
407995.11698327016,0.1533,1533
243717.3962268694,0.1143,1143
449294.7705232168,0.1043,1043
245734.84860954984,0.1448,1448
374018.7527653616,0.149,1490
462812.45412866416,0.1481,1481
234515.4884816839,0.1642,1642
413952.0478313477,0.1291,1291
175376.14351280627,0.1365,1365
173297.43606770717,0.1592,1592
234038.54515508242,0.1192,1192
235174.84752207436,0.1209,1209
282087.2658016037,0.1458,1458
263277.29484233755,0.1521,1521
285155.3676313458,0.1492,1492
307787.3286265781,0.158,1580
319439.14917105035,0.1241,1241
478771.2477888634,0.1281,1281
232717.8576196287,0.1544,1544
196965.5736111662,0.161,1610
161805.9140035847,0.1528,1528
424634.80371830676,0.1678,1678
267904.3391800228,0.1152,1152
259201.48168848915,0.1327,1327
252522.91473915195,0.1356,1356
282706.4011777078,0.1317,1317
363191.899826626,0.1808,1808
431054.81851837767,0.1408,1408
300443.6663880501,0.1291,1291
252194.1891749966,0.152,1520
176926.17480614295,0.0954,954
423402.9613444857,0.1291,1291
415957.29511954234,0.1166,1166
350417.21020529995,0.1556,1556
205713.3836888908,0.1294,1294
212872.22108970842,0.1655,1655
276547.6467441747,0.1146,1146
305173.0314672964,0.1378,1378
272231.4916249851,0.1247,1247
330120.61499356775,0.1599,1599
380662.19665643066,0.1697,1697
330563.9549686978,0.1485,1485
304116.0304178801,0.1346,1346
412502.5842212719,0.1655,1655
180058.2489477082,0.146,1460
254234.91352693332,0.1583,1583
348343.8060692106,0.1594,1594
402301.8739569728,0.1586,1586
387858.3253938152,0.1641,1641
234248.61470492865,0.1082,1082
208438.4525377473,0.1374,1374
414113.9878412741,0.0866,866
224172.64238124187,0.1337,1337
248043.13860032588,0.1663,1663
174340.76247932424,0.1312,1312
199416.5917806973,0.1487,1487
342881.1772597198,0.1263,1263
299874.4153912293,0.0951,951
215218.61092656828,0.1421,1421
155051.40849811773,0.149,1490
261709.3311018566,0.1318,1318
163874.9762841692,0.1331,1331
299241.7905071973,0.1235,1235
288541.333830229,0.1596,1596
382086.94001345657,0.1355,1355
159553.84022767335,0.124,1240
316770.46620213945,0.1193,1193
296710.0400167731,0.1279,1279
388948.1504791234,0.1252,1252
346783.82495166035,0.1205,1205
403266.6909197505,0.1417,1417
386137.41831855546,0.1346,1346
243882.08297299928,0.1279,1279
207326.56958905124,0.1217,1217
288044.1987358605,0.1253,1253
280636.33990527556,0.1528,1528
293885.80076840345,0.1313,1313
413619.66638026515,0.1444,1444
128388.43653446191,0.1725,1725
249647.08639290204,0.1329,1329
274140.8440579554,0.1279,1279
301816.6145475884,0.1235,1235
237656.01809900074,0.1254,1254
406382.24193732085,0.1478,1478
331982.57029809075,0.1637,1637
229884.97167379918,0.1178,1178
226723.9136099398,0.1353,1353
231517.09786562136,0.1564,1564
331735.13961119874,0.1452,1452
231217.20883629814,0.1538,1538
345267.15854865004,0.1386,1386
206569.09654920123,0.1357,1357
311939.47583371977,0.1466,1466
417682.3907470201,0.1216,1216
199429.15294454948,0.1379,1379
276272.4975863044,0.1306,1306
446322.25113357475,0.1155,1155
214136.14182556147,0.1308,1308
325999.1216888093,0.1357,1357
296539.1896899876,0.173,1730
337232.12709677184,0.154,1540
331896.7426535364,0.1569,1569
311757.4396681303,0.1461,1461
454494.8124118794,0.1393,1393
287712.76222197915,0.1407,1407
239842.11548453328,0.1248,1248
234110.79855534039,0.114,1140
419285.0267989427,0.1294,1294
273016.07481667696,0.1397,1397
367776.6800472472,0.1415,1415
194849.2889927286,0.156,1560
289528.63554915506,0.1398,1398
291066.0821667332,0.129,1290
323056.7517538225,0.1278,1278
244794.4944075592,0.1488,1488
196608.79977356523,0.1227,1227
359144.91305422026,0.1466,1466
298417.8587785105,0.1368,1368
158665.7222077047,0.1443,1443
349616.33400871983,0.1654,1654
307433.32081020245,0.158,1580
299657.4695816094,0.1384,1384
280841.8059592909,0.1278,1278
333293.7273051856,0.1646,1646
451139.94831782434,0.1399,1399
261305.9521722685,0.1457,1457
152517.93094854703,0.1517,1517
297236.28884077474,0.1689,1689
422080.5062355181,0.1241,1241
380429.3996914423,0.1298,1298
519669.9910599834,0.1221,1221
330343.495609063,0.1453,1453
285385.23902225087,0.129,1290
293838.4182015513,0.1626,1626
257164.48554413792,0.156,1560
299449.77301960596,0.152,1520
234204.94276695047,0.1435,1435
312179.939289303,0.1547,1547
293048.47741498746,0.1604,1604
343653.536697866,0.1308,1308
261459.04145166656,0.1442,1442
296719.0559985802,0.1214,1214
215614.01675815706,0.1623,1623
339064.8002605426,0.1435,1435
207809.7299509649,0.1471,1471
268361.83788419055,0.1629,1629
256833.03247962808,0.1255,1255
212091.44650077506,0.1636,1636
352555.51579216175,0.1635,1635
265917.27784793405,0.1522,1522
328446.3324506403,0.1445,1445
241861.85156852467,0.1444,1444
353502.71965926874,0.1496,1496
242716.38969482962,0.1373,1373
475682.6343408877,0.1575,1575
268338.9263947621,0.1283,1283
170542.98839016224,0.1605,1605
341257.05178151955,0.1448,1448
228252.39604313535,0.1462,1462
378560.84192029247,0.0906,906
275342.48813550896,0.1175,1175
322462.67266148515,0.1188,1188
159639.41930483477,0.1007,1007
206253.8630596647,0.1297,1297
198283.16734313956,0.1645,1645
245748.59510922522,0.1407,1407
396173.02090941794,0.1335,1335
427868.3814042185,0.1304,1304
222887.40162157748,0.1577,1577
266501.028526799,0.1191,1191
298426.5849741367,0.1543,1543
323145.72661232296,0.1144,1144
306157.85125110525,0.1324,1324
202983.20299371914,0.1228,1228
158467.9688777312,0.1819,1819
296954.64866616967,0.1514,1514
368190.3658067412,0.1443,1443
224296.405764692,0.1133,1133
303604.06334252015,0.1693,1693
155432.91528016108,0.148,1480
225845.6903111227,0.1867,1867
345417.6703016631,0.1011,1011
249742.87966097565,0.1337,1337
358938.6575394424,0.1522,1522
272675.6415283684,0.1432,1432
304677.0586690437,0.1325,1325
196730.52388277932,0.1362,1362
195864.12859271004,0.1186,1186
311041.9158222379,0.1,1000
229559.7386488321,0.1244,1244
268798.40547458106,0.148,1480
430795.5126836351,0.1599,1599
359253.5098191436,0.1176,1176
207894.40010821345,0.1286,1286
338959.7529611614,0.1268,1268
128010.28727442923,0.1566,1566
229313.25360731862,0.1536,1536
232128.87713301711,0.1435,1435
334820.60126342525,0.1151,1151
222642.31887370517,0.1124,1124
343336.90155692305,0.1499,1499
297039.10282311507,0.1608,1608
221478.61742184366,0.1407,1407
173685.08058575113,0.1283,1283
286003.50404231047,0.1371,1371
394887.1052563926,0.1513,1513
384094.0192583113,0.14,1400
339536.37152740394,0.1467,1467
225943.07732228516,0.1029,1029
243295.3931267407,0.1456,1456
330902.33650996943,0.1225,1225
281145.7666767087,0.1238,1238
190044.15855316856,0.1212,1212
192396.88205779716,0.1261,1261
218417.08172373695,0.1223,1223
249665.0555241438,0.149,1490
364261.162538636,0.1592,1592
272571.8151641167,0.1671,1671
226756.03377551978,0.1168,1168
350466.3393344204,0.1388,1388
275644.2557039688,0.1411,1411
233874.88078998707,0.1458,1458
140725.83713160674,0.134,1340
430823.29463234305,0.1316,1316
307126.2009355625,0.118,1180
277174.9695169506,0.1527,1527
328682.1091183831,0.1582,1582
140709.0959195639,0.147,1470
310074.9551945645,0.1713,1713
283239.45390930877,0.1264,1264
184618.61872133892,0.1395,1395
410490.80865169346,0.1434,1434
457100.2410900797,0.1505,1505
278096.09123273595,0.1788,1788
341697.4162803701,0.1247,1247
346796.596271113,0.1092,1092
340357.1951666936,0.1368,1368
357673.9194870766,0.1379,1379
355891.0719695798,0.1324,1324
334181.18479239405,0.1557,1557
374730.0905094994,0.1032,1032
383255.0209378665,0.1557,1557
214314.11669401938,0.1544,1544
205147.4975378698,0.1632,1632
401254.9930866881,0.1123,1123
284541.67213971197,0.1268,1268
352239.19688620855,0.1435,1435
264137.04483002704,0.1355,1355
185191.79085219448,0.1098,1098
246042.17156457447,0.1328,1328
354768.2732600071,0.1109,1109
368039.0623075603,0.129,1290
266626.08715468604,0.1728,1728
348361.05645533657,0.1188,1188
295557.03379447036,0.124,1240
344788.3173506003,0.1546,1546
289331.71488637297,0.1405,1405
481491.7538672558,0.1681,1681
341098.5985535561,0.1625,1625
383002.71585259243,0.16,1600
286617.46010952565,0.1258,1258
389205.99245643226,0.1094,1094
227042.67408232656,0.1672,1672
340563.61673184915,0.1337,1337
334530.6259433217,0.1464,1464
245208.68444963146,0.1509,1509
406489.4166547472,0.1481,1481
423477.31316297763,0.1748,1748
340226.8838309045,0.1473,1473
333171.82446515467,0.1324,1324
409146.65610686823,0.1503,1503
257507.78938013472,0.1469,1469
389408.1095729784,0.1487,1487
222559.36053642136,0.1496,1496
181814.19887388468,0.1107,1107
211371.0101320008,0.1581,1581
279723.9716714615,0.1417,1417
242701.7399696644,0.1346,1346
201956.41507366765,0.1042,1042
313846.9560936954,0.1181,1181
286619.03070220375,0.1291,1291
235015.35561354543,0.1657,1657
254559.23743232893,0.1557,1557
259014.03310642907,0.113,1130
267350.1568998812,0.1229,1229
348020.0199993607,0.1378,1378
336852.35686542,0.1348,1348
260918.8893591301,0.1297,1297
272455.01882032445,0.1298,1298
258364.00091066194,0.1312,1312
157247.20640009458,0.128,1280
375933.1096540828,0.1439,1439
253402.55400005923,0.1782,1782
215785.37221932388,0.1556,1556
213365.91062841166,0.1421,1421
308654.3010596268,0.167,1670
236827.7221114286,0.1688,1688
167980.92745511615,0.1451,1451
416412.89309426385,0.1378,1378
144855.21663162071,0.1508,1508
303439.27960528585,0.1322,1322
173452.7533401432,0.1426,1426
285675.1168291663,0.1386,1386
260507.53852341304,0.1124,1124
349029.7598238253,0.1496,1496
220480.15712519907,0.129,1290
332458.77256379294,0.1275,1275
414693.76933377294,0.1463,1463
299033.8636458079,0.1334,1334
287392.6537040179,0.1426,1426
172145.70017638768,0.1334,1334
395114.74121719354,0.1284,1284
338393.8539191105,0.1562,1562
190600.50382953728,0.1369,1369
331726.5846922588,0.122,1220
184667.26071851645,0.1538,1538
335249.70852922584,0.1182,1182
217529.04928751278,0.1091,1091
258813.8914860196,0.1447,1447
224192.59023846657,0.1509,1509
260938.557608522,0.1268,1268
265950.90844634693,0.1398,1398
288356.38989979215,0.1334,1334
173913.56253781385,0.1473,1473
229153.87463614967,0.1426,1426
266725.6745913974,0.1255,1255
140880.6534975059,0.1744,1744
399766.54044188163,0.1278,1278
168084.93144397737,0.1497,1497
270474.3829104517,0.1389,1389
342970.17634439573,0.1414,1414
126045.01211218526,0.1104,1104
137351.07948965317,0.1393,1393
185138.45681573538,0.1497,1497
328179.75414582697,0.1423,1423
148383.5837549984,0.131,1310
184744.16493521148,0.1451,1451
352926.721224582,0.15,1500
191827.41011303902,0.1664,1664
266488.7723616407,0.1473,1473
437879.51473757083,0.1445,1445
374585.8860704622,0.1619,1619
313455.387818143,0.1437,1437
326263.5755085189,0.1362,1362
301881.86967978295,0.1392,1392
380292.55953160446,0.1438,1438
178551.98078171216,0.1429,1429
229490.53870403123,0.1216,1216
261424.8344223856,0.1583,1583
339877.1532636259,0.1329,1329
164847.72694359103,0.1414,1414
306247.63091154356,0.1326,1326
382286.33299127984,0.1275,1275
438739.81574367895,0.1263,1263
264485.20172225684,0.1519,1519
278102.8995543101,0.145,1450
326121.7923761285,0.14,1400
219182.87438012596,0.1206,1206
254564.55156447517,0.1302,1302
353813.2539907629,0.1599,1599
247765.51891530555,0.1479,1479
268106.3261104278,0.1744,1744
290463.2572639355,0.1368,1368
295718.6947170015,0.1378,1378
307897.2409718399,0.1642,1642
371705.81861199497,0.1192,1192
184205.51546971145,0.1526,1526
343839.11111636047,0.1568,1568
329384.5131009058,0.1372,1372
312656.40220949956,0.1679,1679
283619.006113549,0.1277,1277
346294.9287914106,0.1104,1104
300274.1561859823,0.1153,1153
270947.7855149691,0.1583,1583
280690.40191040834,0.1542,1542
378289.18370982574,0.1339,1339
226466.56458555692,0.1125,1125
244049.3275325018,0.1556,1556
202643.25654036927,0.1298,1298
235043.67428221958,0.138,1380
230482.9700398531,0.1509,1509
274952.7408212888,0.1422,1422
255509.19190242857,0.1544,1544
283000.4756255632,0.144,1440
291663.28737501224,0.145,1450
190202.11569315477,0.124,1240
204112.76598698655,0.1285,1285
299345.78846940503,0.1467,1467
179157.7786213826,0.1037,1037
184860.16531112374,0.1311,1311
293812.7944479046,0.1455,1455
311757.6220550273,0.1297,1297
277826.41449411766,0.1444,1444
243152.08818176272,0.1181,1181
280750.18741955183,0.164,1640
208998.68449465613,0.1495,1495
298854.6725534638,0.1623,1623
234700.70648332997,0.1542,1542
237809.1461536963,0.1642,1642
178023.27008113134,0.1244,1244
252751.36232746916,0.1334,1334
327402.6105033775,0.1712,1712
308784.5614711956,0.1407,1407
299911.6423027412,0.1473,1473
247841.64155755137,0.1485,1485
236803.20526808072,0.1751,1751
262545.55651307886,0.1095,1095
176498.91126770826,0.1175,1175
201923.0369202483,0.1442,1442
288415.62947471085,0.1416,1416
